frequency,Re(S21),Im(S21),amplitude,phase
5000000000.0,-0.3174385787801603,-0.4349843960653307,0.5384966816223555,-2.201224049267836
5001101101.0,-0.3146109313255784,-0.4325557022556823,0.5348686508512667,-2.1996303625614155
5002202202.0,-0.31219859783335785,-0.4306919762948035,0.531943176414397,-2.1980237244360983
5003303303.0,-0.3097555811779581,-0.4294683588587069,0.5295201519599473,-2.19564446631097
5004404404.0,-0.30751814418342455,-0.4290540112241802,0.527877593339191,-2.1926659399027995
5005505506.0,-0.30550312926799755,-0.42908399420674825,0.526730705462436,-2.189523432927505
5006606607.0,-0.3036834908542235,-0.4295356609932529,0.5260461450123154,-2.1862076050914507
5007707708.0,-0.3022415421479231,-0.4303158864776938,0.525853317908177,-2.1831120164588906
5008808809.0,-0.30116564840562604,-0.4316110351934277,0.5262972862178974,-2.180024727216658
5009909910.0,-0.3004319197622408,-0.43325694632702055,0.5272294756106114,-2.1770970204751725
5011011011.0,-0.30034697269066074,-0.43533831801682943,0.5288929524376049,-2.1747225543401485
5012112112.0,-0.30057783988556924,-0.4374374720261067,0.5307528424444524,-2.17283460301738
5013213213.0,-0.3013955279187097,-0.4397371328952851,0.5331116302392618,-2.171655811065363
5014314314.0,-0.3028481832749326,-0.4420771313203033,0.5358630535400961,-2.1714231039671414
5015415415.0,-0.3048420974039232,-0.4443172243466684,0.538838102031353,-2.172126343348461
5016516517.0,-0.3074788993517838,-0.44670842001802524,0.5423022091616305,-2.173641126903946
5017617618.0,-0.3106544075372761,-0.44878450430719063,0.5458147050314666,-2.1762768843600417
5018718719.0,-0.3143735358988548,-0.45058179055383785,0.549413023191343,-2.1799809103590486
5019819820.0,-0.3186561336877048,-0.4521081234619252,0.5531215841359473,-2.1847517712048465
5020920921.0,-0.3233889213721843,-0.4531013745527165,0.5566697854992902,-2.190673177170621
5022022022.0,-0.32858255970692535,-0.4535424146699231,0.5600600150414058,-2.197763809439706
5023123123.0,-0.3340272903895831,-0.4534596644196527,0.5632050230427557,-2.205678857567634
5024224224.0,-0.33977739694571185,-0.4526635569024594,0.5659973279290195,-2.2146928145235254
5025325325.0,-0.34545545739098754,-0.451204037347528,0.5682645126698709,-2.2242259742753663
5026426426.0,-0.35117435349523585,-0.44911261399545527,0.570110135502455,-2.2344210713563815
5027527528.0,-0.3565978382200496,-0.44639814951112894,0.5713434397192051,-2.2448256411913587
5028628629.0,-0.3617673742588456,-0.4431724209449671,0.5720816617969525,-2.255405325022931
5029729730.0,-0.36652150292058105,-0.4394858183739242,0.5722637474582497,-2.2659149401753775
5030830831.0,-0.3707318176903363,-0.43515203668256797,0.5716636910605464,-2.276426757285046
5031931932.0,-0.3744102911068691,-0.43033556543210727,0.5704136788003088,-2.2868117102865546
5033033033.0,-0.3776753754727028,-0.42525525317093293,0.5687536545710465,-2.297005936329692
5034134134.0,-0.3801908927195758,-0.42018602150151174,0.5666581046558646,-2.3062656528187175
5035235235.0,-0.3820778623350026,-0.4149200748005934,0.5640409217060542,-2.3150103909427755
5036336336.0,-0.3834409949552386,-0.40976597741601967,0.561190834618643,-2.323018629944978
5037437437.0,-0.38425925135712985,-0.40486617251679846,0.5581861606148472,-2.330086803944213
5038538539.0,-0.38452625545928454,-0.4000422128498797,0.5548821615436628,-2.3364206454706187
5039639640.0,-0.3843960298085426,-0.39556417756818846,0.5515716873696177,-2.341876600023762
5040740741.0,-0.38392411152710026,-0.3913941581240394,0.5482582515799456,-2.3465599752389297
5041841842.0,-0.38316569232347647,-0.3877735323162733,0.545146090638802,-2.3502176440581075
5042942943.0,-0.382151734200331,-0.38444481532571906,0.5420680436837674,-2.3532032501617524
5044044044.0,-0.38105404357410155,-0.38154613178674934,0.5392398675966056,-2.355549213466417
5045145145.0,-0.3800062566645962,-0.3791793379545969,0.5368256005779953,-2.3572837078867304
5046246246.0,-0.37885406872015537,-0.3771727709297518,0.5345930269996451,-2.358418346450598
5047347347.0,-0.3778797489908419,-0.3756339675683179,0.5328170251488759,-2.3591748934996173
5048448448.0,-0.3771795793952209,-0.3743597731467905,0.531422313102557,-2.359946513299016
5049549550.0,-0.3765570988018933,-0.37349381491061595,0.5303705105250331,-2.3602785687578205
5050650651.0,-0.3763202712576563,-0.3728704522518638,0.5297634573297271,-2.360799184985122
5051751752.0,-0.37640873055978463,-0.37242686572970773,0.5295142139346991,-2.361511848664068
5052852853.0,-0.3767297595226484,-0.37218034814542156,0.5295691864673017,-2.3622691250129284
5053953954.0,-0.37778255995872145,-0.37181577537525823,0.5300628579959829,-2.3641542978467873
5055055055.0,-0.3793015991136065,-0.37143954394640133,0.5308832620240062,-2.366666498880937
5056156156.0,-0.3812489240852033,-0.37096678872201205,0.5319465202920751,-2.3698627702759376
5057257257.0,-0.38336245469748753,-0.3702649923530946,0.5329755493771927,-2.373571967608884
5058358358.0,-0.3860319864213909,-0.36931152891287,0.5342393657607108,-2.3783271052121036
5059459459.0,-0.38912874258617375,-0.3681908397396755,0.5357104374332313,-2.3838348298304943
5060560561.0,-0.39243304238766463,-0.3665301941683896,0.5369805173325713,-2.3903105009971526
5061661662.0,-0.39571655116593074,-0.3642608250998091,0.5378452728890089,-2.397561223709589
5062762763.0,-0.39932725977491157,-0.36180941240047243,0.5388583406619172,-2.4054464936873097
5063863864.0,-0.40286435304822343,-0.35848748114081935,0.5392707678816393,-2.4144155612616767
5064964965.0,-0.40626293643193756,-0.35478287380074325,0.539370430280169,-2.4237354422345496
5066066066.0,-0.4093952125656864,-0.3504020824767857,0.5388748087225563,-2.4336822770571302
5067167167.0,-0.41214135152024983,-0.3455414098061757,0.5378283736693125,-2.443868661577936
5068268268.0,-0.414444969883474,-0.3404554227047762,0.5363529881624615,-2.4538947687795467
5069369369.0,-0.41605261548189065,-0.33482671220248117,0.5340493479573261,-2.4639498636351767
5070470470.0,-0.41707826276571425,-0.3288065555069061,0.5311007703025691,-2.4739915501425824
5071571572.0,-0.41762534454756794,-0.32260908637160934,0.527719197128548,-2.483856102665941
5072672673.0,-0.41763186919760564,-0.3163919307032437,0.5239467835416227,-2.4932543494795993
5073773774.0,-0.4171528045739399,-0.3099806772623818,0.5197157710132997,-2.502530795327161
5074874875.0,-0.4168719201587149,-0.30371270909969783,0.5157747642968699,-2.511960416682676
5075975976.0,-0.41579335115985033,-0.2976140398944033,0.5113298618416551,-2.520358422741616
5077077077.0,-0.4144417866601058,-0.29193514516620184,0.5069399604620176,-2.5279159783697702
5078178178.0,-0.41221205596942706,-0.28645414844068473,0.5019708739014844,-2.5342846428173345
5079279279.0,-0.4095887804960736,-0.28170907328707623,0.4971146458117323,-2.539111716026522
5080380380.0,-0.4063833151688964,-0.2775097180958718,0.4920965784125234,-2.5424514818480373
5081481481.0,-0.403261967344742,-0.27428358368944067,0.48770041889286314,-2.544305027896812
5082582583.0,-0.39975295405221134,-0.271793709186875,0.48339863945508676,-2.544481512703319
5083683684.0,-0.39643177866436463,-0.27000389985223155,0.47964597472553205,-2.543674159738999
5084784785.0,-0.3930718025078991,-0.2689051481943382,0.47625142587946945,-2.541609533229656
5085885886.0,-0.3901106025927462,-0.2685212718857855,0.4735926052108875,-2.5387481089231305
5086986987.0,-0.3874367015283795,-0.26873211253380874,0.471512614887528,-2.535164433670033
5088088088.0,-0.38491000683866433,-0.2694595161726134,0.4698554503467205,-2.530827438734069
5089189189.0,-0.3830118096609951,-0.27076473920676447,0.4690539311609034,-2.526226977888822
5090290290.0,-0.3814902010344231,-0.27238898941269213,0.4687542373553035,-2.5215237259704244
5091391391.0,-0.38055401148142565,-0.2745290529606244,0.4692414693673848,-2.5166527018643614
5092492492.0,-0.3801632491178193,-0.2768458565029102,0.4702847267801147,-2.512171277055883
5093593594.0,-0.38033197473581404,-0.27947373871709,0.4719724373720908,-2.5078808191161697
5094694695.0,-0.38116228828889437,-0.2822161241447161,0.47426852176893636,-2.5042578663138406
5095795796.0,-0.38274625946991964,-0.28498853243269673,0.4771930036749882,-2.501563794080352
5096896897.0,-0.38498419130195605,-0.2877334504946955,0.48062809539809936,-2.499763845620663
5097997998.0,-0.3879553256383363,-0.2903622326280395,0.48458184120733133,-2.499089125224914
5099099099.0,-0.39166401578038756,-0.292744765715029,0.4889787307345453,-2.4997329193720135
5100200200.0,-0.39601367672339766,-0.2947961001055628,0.4936917791390016,-2.5016794711604575
5101301301.0,-0.4010575281613118,-0.29634290651674655,0.4986644755119966,-2.5052310586456152
5102402402.0,-0.4066450468749333,-0.2972603833726505,0.5037101643512585,-2.5103582743994095
5103503504.0,-0.41284644080620003,-0.297472627350417,0.5088537586665812,-2.517213650939826
5104604605.0,-0.4193475500110886,-0.2968855478972971,0.5138028768414797,-2.525537599915088
5105705706.0,-0.4262628660582273,-0.2953630542374794,0.5185936412921647,-2.5356389607989858
5106806807.0,-0.43330608199625564,-0.29287166178200597,0.5229990162226881,-2.5472248255266305
5107907908.0,-0.44021851632565157,-0.2894307098712138,0.5268419857343496,-2.55998364259794
5109009009.0,-0.44699866231929447,-0.2850038723003923,0.5301273538890979,-2.5739878650777177
5110110110.0,-0.45330556236457725,-0.2793490063670008,0.5324676518145457,-2.5893111047680626
5111211211.0,-0.4588820649080155,-0.272865326012051,0.5338803570407016,-2.605130581975972
5112312312.0,-0.46374141053480333,-0.2656494255506166,0.5344396253461953,-2.621383517574597
5113413413.0,-0.4677168816441803,-0.2577073022782017,0.5340151074852327,-2.637989720282645
5114514515.0,-0.4707761817592222,-0.24952237843427427,0.5328148183480724,-2.654215829173359
5115615616.0,-0.4727247898069805,-0.24096135732961332,0.5305950457968709,-2.670192468906687
5116716717.0,-0.4736353540145874,-0.23228646835536432,0.5275295744823518,-2.6856277912864313
5117817818.0,-0.47345523077767115,-0.22369017394670176,0.5236383766217326,-2.700216151305199
5118918919.0,-0.4723613425486972,-0.2155155101099645,0.5192034023697899,-2.713552261977703
5120020020.0,-0.4703490603104587,-0.20769255235187944,0.5141638210117176,-2.725770270821395
5121121121.0,-0.46761739845048655,-0.20051291780445818,0.5087941249071755,-2.7365103496686025
5122222222.0,-0.46437042447712074,-0.1939825844491619,0.5032585162703533,-2.7458937741253457
5123323323.0,-0.4605265792761767,-0.18812959098243268,0.4974710777754161,-2.7537718918947243
5124424424.0,-0.45648876740899824,-0.18300515407649182,0.49180573521376,-2.76031290641179
5125525526.0,-0.45217723615176064,-0.17862644520045795,0.4861806863901499,-2.7653725948391097
5126626627.0,-0.44793926223819136,-0.17501591535921932,0.48091595241114704,-2.769117428538737
5127727728.0,-0.4434756487386012,-0.17204375142590422,0.47567815109464673,-2.771522320717835
5128828829.0,-0.43936846959671566,-0.16979060031175056,0.4710344998298794,-2.7728282305502625
5129929930.0,-0.4352424882828308,-0.16824989448058694,0.46663052900486346,-2.772720790240228
5131031031.0,-0.4316430312770083,-0.1670188443307418,0.46282934307537255,-2.772397584077966
5132132132.0,-0.42832499831621373,-0.16634613554048383,0.45949248197531745,-2.7711571258565906
5133233233.0,-0.4253642611694375,-0.16603321666313442,0.45661995545062284,-2.76944857760899
5134334334.0,-0.42308465996394395,-0.16624481562207316,0.45457449138510087,-2.767191500212706
5135435435.0,-0.42108959177996846,-0.1666543368691029,0.45286875836460716,-2.7647387358844613
5136536537.0,-0.41968094410617235,-0.16731798101874418,0.4518046055741763,-2.762225584150793
5137637638.0,-0.4189582073717827,-0.16792339601291123,0.4513582240889011,-2.7603866391133955
5138738739.0,-0.4185906791158182,-0.16856122117777342,0.4512549633273679,-2.7587716418785826
5139839840.0,-0.4189264673139624,-0.16902178332556414,0.45173858397828975,-2.758103569051192
5140940941.0,-0.41976941699352743,-0.16949085571500977,0.45269582902219474,-2.7578393639856094
5142042042.0,-0.4211626229122507,-0.16951329603785825,0.45399637935995174,-2.7589424850782356
5143143143.0,-0.42301491178175343,-0.16923608636439194,0.45561219092300476,-2.7610248925810787
5144244244.0,-0.42526039819257305,-0.16841253824340577,0.45739391044098127,-2.7645201520721057
5145345345.0,-0.4278080361853266,-0.1670135913987994,0.45925293198483863,-2.7693948421268093
5146446446.0,-0.4305920655375235,-0.1649289564043704,0.4610976985027204,-2.775802098530435
5147547548.0,-0.4334338732033756,-0.16218994973448791,0.46278558991714036,-2.7835255727335357
5148648649.0,-0.4361938673101679,-0.15859795095592263,0.46413187773133785,-2.792858098756575
5149749750.0,-0.4387296528331973,-0.1543381895545373,0.46508492238526733,-2.8033291714913227
5150850851.0,-0.4407985690141181,-0.14926762303528063,0.46538607814533617,-2.8150826905285298
5151951952.0,-0.44232554332553525,-0.14360187941915198,0.4650520251014316,-2.827675526217382
5153053053.0,-0.4429418388326332,-0.1374325295433162,0.463772759835147,-2.840738686739591
5154154154.0,-0.4429357798506321,-0.13088006138332225,0.4618676168985978,-2.8542848884124252
5155255255.0,-0.4418512173513966,-0.12429769217216638,0.4590015409061693,-2.867368497922676
5156356356.0,-0.4398347521585656,-0.11759321123799682,0.4552831784018063,-2.8803452098338607
5157457457.0,-0.4366312644916478,-0.11140769241521056,0.4506201671705978,-2.8917702011577346
5158558559.0,-0.43300353912408457,-0.10553900695978963,0.4456798704048021,-2.90251715859861
5159659660.0,-0.42848491551912327,-0.10036786886732263,0.44008298300252224,-2.9115020089982515
5160760761.0,-0.4232021503751423,-0.09593712193236043,0.4339400781753273,-2.9186670223760434
5161861862.0,-0.41760312802342314,-0.09222767973240616,0.4276661284738024,-2.9242316681207283
5162962963.0,-0.41186372199359883,-0.08944945319958907,0.4214652182234329,-2.9277316841196215
5164064064.0,-0.4059646380317344,-0.08762557772693796,0.41531377198958475,-2.929008637794925
5165165165.0,-0.40000098958216984,-0.08647942265918826,0.4092425713561355,-2.928671685916691
5166266266.0,-0.39427968994639073,-0.08622140121611589,0.4035970811736533,-2.926300987000881
5167367367.0,-0.3888672123316257,-0.08678772620274308,0.3984342081774756,-2.9220103500189722
5168468468.0,-0.38375012806731396,-0.08792858685822784,0.393694802072068,-2.916350909802381
5169569570.0,-0.37909312898687897,-0.08970031461594483,0.38956096684249814,-2.9092477829734404
5170670671.0,-0.37494204501132833,-0.09210205501188315,0.3860884945898918,-2.9007184633833583
5171771772.0,-0.3713384397942897,-0.09486581436897837,0.3832646078165146,-2.891472460625282
5172872873.0,-0.36827729087389416,-0.09806013551064988,0.3811088468532079,-2.881363314842389
5173973974.0,-0.3658902929742136,-0.10159343008809038,0.3797327106397599,-2.8707543067902006
5175075075.0,-0.3641082600647529,-0.10542215606845401,0.3790628655480555,-2.8597640322723437
5176176176.0,-0.36303597357215467,-0.10939759341371873,0.37916085181911313,-2.8489061139090595
5177277277.0,-0.3626064757724319,-0.11352455095224868,0.3799622085695009,-2.8381801884379687
5178378378.0,-0.36283961061317893,-0.11776269581422452,0.38147167071141325,-2.827760087938929
5179479479.0,-0.3639219189192871,-0.12193037416645967,0.3838048712748042,-2.8183020085109582
5180580581.0,-0.3657006411827889,-0.12604855696220554,0.3868141642620618,-2.8096678806611273
5181681682.0,-0.3681924419108705,-0.12995319834341282,0.3904529524026834,-2.802292975570119
5182782783.0,-0.3716180988047411,-0.13364903902427158,0.3949203425899476,-2.7963550774002397
5183883884.0,-0.3756398668701412,-0.13691128655002405,0.3998124684986703,-2.7920812828844617
5184984985.0,-0.3806095680554601,-0.13973500089714594,0.405449767259878,-2.7897353065557433
5186086086.0,-0.3860447321365715,-0.1418776716146245,0.4112904191847708,-2.789399259994879
5187187187.0,-0.3924009255499352,-0.14333163351087264,0.4177588341822839,-2.7913810281570837
5188288288.0,-0.3992500951241478,-0.14387590852147347,0.42438298211582476,-2.7957136593017955
5189389389.0,-0.4065540491856703,-0.14340398587910905,0.43110427749592106,-2.8024874509502564
5190490490.0,-0.41425718953002805,-0.14183020726030637,0.43786393636473314,-2.811729163051344
5191591592.0,-0.42216878866247237,-0.13889586070260987,0.44443058652736545,-2.8237421775192613
5192692693.0,-0.43003112172396535,-0.13459459271471833,0.4506023413601097,-2.8382632379816406
5193793794.0,-0.43735179405729874,-0.1289220244463002,0.45595776136882493,-2.8549328339329705
5194894895.0,-0.4441109600861832,-0.12191760438779323,0.4605414716703914,-2.873672197601843
5195995996.0,-0.4500251238047917,-0.113596377900599,0.4641408720718892,-2.894335479005325
5197097097.0,-0.4546705083379086,-0.10429722853665843,0.4664795633601543,-2.916102941490124
5198198198.0,-0.4579731273766066,-0.09419202898389702,0.4675591125442994,-2.93874970491646
5199299299.0,-0.45973092932684056,-0.08362550997415599,0.46727481560443435,-2.9616589991807944
5200400400.0,-0.4598329642793165,-0.07284012120812175,0.4655663629339184,-2.9844923693541214
5201501502.0,-0.45838897975102333,-0.062258167092263644,0.462597596326302,-3.0065991704782857
5202602603.0,-0.45544055269890876,-0.05219476649221061,0.4584216298254958,-3.0274876515754907
5203703704.0,-0.4512434818883063,-0.042905293610187134,0.4532786606122757,-3.046795288360416
5204804805.0,-0.4459421428475513,-0.03454110109274963,0.4472778581957365,-3.064290535473566
5205905906.0,-0.43983053105242853,-0.02722484944858393,0.44067231416706837,-3.07977302702814
5207007007.0,-0.4331321245593268,-0.02114309479103932,0.4336478614989575,-3.0928169475886347
5208108108.0,-0.42609984723012534,-0.016260114851936208,0.4264099801183531,-3.103450821049028
5209209209.0,-0.4189535338746133,-0.01251547234608882,0.41914043063640677,-3.1117283599074654
5210310310.0,-0.4118171804071685,-0.00985043377244503,0.41193497196040024,-3.1176777800030746
5211411411.0,-0.4049573065150791,-0.008114347591102675,0.40503859413243204,-3.1215577962259227
5212512513.0,-0.39857245834530736,-0.007316223791695525,0.3986396012465294,-3.1232386452226204
5213613614.0,-0.3924012298114033,-0.007332545237117072,0.39246973307142563,-3.122908481878209
5214714715.0,-0.38693271233360743,-0.007979601245648005,0.3870149840896109,-3.1209728660954936
5215815816.0,-0.3819231159949863,-0.00925263340494048,0.3820351786894055,-3.1173709621815635
5216916917.0,-0.37767368155046266,-0.010920680671613753,0.37783153786073975,-3.112685056680278
5218018018.0,-0.3738411603323485,-0.01298743172212663,0.37406668729168274,-3.1068661118825522
5219119119.0,-0.3709149858691508,-0.015404449737401599,0.37123472872836727,-3.1000855620802654
5220220220.0,-0.36858375765333395,-0.017904823917783322,0.3690183858907012,-3.093053455209167
5221321321.0,-0.36686799214765414,-0.020558391173845614,0.3674435618025006,-3.085613628844985
5222422422.0,-0.36594118861592156,-0.023233935168197935,0.3666780185244726,-3.0781868611079837
5223523524.0,-0.3655733426711875,-0.02577994389791258,0.3664812060381337,-3.0711899908440095
5224624625.0,-0.3658017577489137,-0.028172423864945492,0.3668850111937269,-3.064728833034845
5225725726.0,-0.36684698471099364,-0.030390176575472716,0.36810361723818524,-3.058939823114297
5226826827.0,-0.3684723038841189,-0.03225830985912331,0.3698816530792487,-3.05426919999327
5227927928.0,-0.3706505998119323,-0.03375613290608964,0.3721845558989771,-3.0507705488493273
5229029029.0,-0.373396177845204,-0.03469123292891366,0.37500424967130086,-3.048951289768061
5230130130.0,-0.37663106441887173,-0.03505629192998144,0.3782590412523835,-3.048781464989728
5231231231.0,-0.3802709146361314,-0.034676819213521615,0.38184872699665656,-3.050654389860178
5232332332.0,-0.38421391040407127,-0.03344996882343035,0.385667252125814,-3.054750824261459
5233433433.0,-0.3883707617049761,-0.03130606870452213,0.3896304896758409,-3.061157851530165
5234534535.0,-0.39245900209325557,-0.02829742235856987,0.39347784237002886,-3.069614340371956
5235635636.0,-0.39633911791321474,-0.024282403507039904,0.39708227297161464,-3.0804024041105
5236736737.0,-0.39979368757678624,-0.019300289046184124,0.40025928319467025,-3.0933544816562595
5237837838.0,-0.4027180507231756,-0.013401109498952861,0.4029409610775221,-3.1083282735860265
5238938939.0,-0.4047524110823424,-0.006671803236544968,0.4048073952330869,-3.1251104810703785
5240040040.0,-0.40576571135836176,0.0007103407049955518,0.4057663331254511,3.1398420375089833
5241141141.0,-0.40568033991588304,0.008480830180894267,0.405768976974366,3.120690494381451
5242242242.0,-0.4043704731929929,0.016300323594249155,0.4046988758813177,3.1013040956153572
5243343343.0,-0.4017834525429741,0.024057064108185394,0.40250302492137574,3.0817883568893953
5244444444.0,-0.39808147108118774,0.03130342839116476,0.39931035830191447,3.0631184049922537
5245545546.0,-0.3933444680078919,0.03790728903071572,0.39516684207315483,3.0455176176747805
5246646647.0,-0.38787261523531924,0.04371341934447506,0.39032810388219796,3.0293657481019274
5247747748.0,-0.38162123969906203,0.048622594670392816,0.38470628705797133,3.0148648444895385
5248848849.0,-0.3750720114739722,0.052455888941029316,0.3787223707093695,3.002638423459274
5249949950.0,-0.3683709329622625,0.055256594314902055,0.372492195175643,2.9927001722044055
5251051051.0,-0.361643626227708,0.057071916353824505,0.3661192647586632,2.9850709288826645
5252152152.0,-0.35506987901745973,0.05800147112329656,0.35977602704730083,2.9796705164964847
5253253253.0,-0.3488318225420875,0.058106623030970236,0.3536382615867487,2.9765332721510815
5254354354.0,-0.3430179433574395,0.057492695292740925,0.3478027019406139,2.97552781644219
5255455455.0,-0.3376264632748996,0.05625263487467615,0.34228056858936756,2.9764971238313063
5256556557.0,-0.3328077127853699,0.05450125840928326,0.33724080544564106,2.9792714575129695
5257657658.0,-0.32853513503996734,0.0523032021812338,0.3326724513904639,2.983716306603996
5258758759.0,-0.3248799649130004,0.049751529130725475,0.32866731850416436,2.989634995412003
5259859860.0,-0.32170206958533254,0.04703669416049236,0.32512254946871005,2.9964094211820074
5260960961.0,-0.3193008190976974,0.04417990127534807,0.3223427938595184,3.0041011219495655
5262062062.0,-0.31735327805492847,0.0410881169613657,0.32000208819262355,3.0128376740519767
5263163163.0,-0.3161729472898024,0.03811515065287531,0.31846208142761917,3.021620005920161
5264264264.0,-0.3154534049600168,0.035072112451047396,0.31739707587286814,3.0308673751080093
5265365365.0,-0.31522120679160875,0.03221718814454477,0.3168633087359582,3.039741297996501
5266466466.0,-0.31564728885321125,0.02947787793340402,0.3170207505004038,3.0484740744061707
5267567568.0,-0.3166299234087745,0.02699715119807704,0.3177787824425322,3.0565343240458955
5268668669.0,-0.318164736122632,0.024773880637199708,0.3191277870599962,3.063884499358355
5269769770.0,-0.32015940200762955,0.022902001974139788,0.32097748268111653,3.0701811684430407
5270870871.0,-0.32268525520989694,0.02152854805514845,0.32340261642608764,3.0749745154734973
5271971972.0,-0.3256970379785873,0.020605460915696622,0.32634819681985927,3.0784111294456498
5273073073.0,-0.3290964618320436,0.020319736670430605,0.32972317614739394,3.0799269229410986
5274174174.0,-0.33287536728169487,0.020693171411674205,0.33351794177524574,3.0795076242335613
5275275275.0,-0.33690413296205646,0.021881216637869128,0.3376139547596757,3.0767358428039
5276376376.0,-0.34105721115507126,0.023913804711803516,0.34189456172432625,3.0715905261592376
5277477477.0,-0.34523982739222386,0.02692261629635162,0.3462879808570507,3.063767796607379
5278578579.0,-0.3492691888384803,0.030893493433201455,0.35063281963957293,3.053370436640093
5279679680.0,-0.3528416615993256,0.03590136410666213,0.3546634265115197,3.0401924010189005
5280780781.0,-0.3558780389316974,0.04192238243472049,0.3583387569645149,3.0243331985618527
5281881882.0,-0.3580532971487676,0.048822846596317276,0.36136661985976404,3.006072076803822
5282982983.0,-0.3591517397260413,0.056539115679422845,0.3635748117651349,2.985450063210864
5284084084.0,-0.3589738135520238,0.06460406187316617,0.36474084447261323,2.963530002701075
5285185185.0,-0.3574543447861977,0.07307734381984424,0.3648477857768821,2.9399332024206704
5286286286.0,-0.3545349245287531,0.08127096433509431,0.3637306453332807,2.916253227002147
5287387387.0,-0.3499806962895195,0.08918101831727582,0.3611644248862326,2.892085541291932
5288488488.0,-0.3443964198907147,0.09625531702925977,0.35759471485180644,2.8690570392776182
5289589590.0,-0.337730553137775,0.10221351536494716,0.3528590784520185,2.8477081697597906
5290690691.0,-0.33040652031870743,0.10721589917804003,0.34736683449297817,2.8278158377254106
5291791792.0,-0.32242190793748693,0.11076868302334514,0.34091874084123863,2.8106736866495576
5292892893.0,-0.31444125482548924,0.11329059057868966,0.33422755818438515,2.7957788180557133
5293993994.0,-0.3064176604865892,0.11444607099357273,0.3270927786178419,2.784140349658078
5295095095.0,-0.29877068455439715,0.11460132656521194,0.31999591559832363,2.7753243959886964
5296196196.0,-0.2915566335199799,0.11376136030391369,0.3129647226888371,2.7695750155151218
5297297297.0,-0.28486541118090647,0.11205667669676322,0.3061127264253968,2.766817351371056
5298398398.0,-0.2788252706144921,0.10978151528552703,0.29965899391079714,2.7665042208119774
5299499499.0,-0.2735229821792937,0.10696568502101103,0.29369453442695925,2.7688111823976467
5300600601.0,-0.26886609984952836,0.10376152020631534,0.2881933946568209,2.773280507537176
5301701702.0,-0.26493729143268546,0.10026249232571276,0.28327431185875523,2.7798107512349763
5302802803.0,-0.261678418148191,0.09662649529248149,0.2789485151726882,2.787866734566602
5303903904.0,-0.2590771433975218,0.09285798664828658,0.2752155008632207,2.7974380175380698
5305005005.0,-0.25716009978481713,0.08909832375377605,0.2721577267267453,2.8080658329727055
5306106106.0,-0.255802263808977,0.085358201607182,0.26966798243656925,2.8195227368769973
5307207207.0,-0.2550860562487863,0.0817645497763356,0.26787000147960915,2.8314025573355246
5308308308.0,-0.2548813357383982,0.07835032583824493,0.266651962053065,2.8433614763117108
5309409409.0,-0.25521517464354726,0.07515626909398423,0.2660512171602748,2.855205922516659
5310510511.0,-0.2560016057243621,0.07216265531541773,0.2659779520103565,2.866838140432368
5311611612.0,-0.2573239989028117,0.06950362304111271,0.26654529451328784,2.877786127760793
5312712713.0,-0.25909798613085055,0.06723847481727857,0.2676803670664254,2.8876837807064946
5313813814.0,-0.26124676649413475,0.06537830756994914,0.2693031676463384,2.896374011995575
5314914915.0,-0.26379595364873054,0.06405150342720764,0.2714606790176595,2.9033952485907175
5316016016.0,-0.2665345493770803,0.06322299540585893,0.27393030712159716,2.9086933007004006
5317117117.0,-0.2698042745250937,0.06296701930785245,0.2770544929657839,2.912316120179589
5318218218.0,-0.27307621578978025,0.06346181595537827,0.28035338719983555,2.913249855122633
5319319319.0,-0.2764512486677283,0.06455033655269335,0.2838873699885434,2.9122061982246583
5320420420.0,-0.27985633076012156,0.06656020582358008,0.28766269634034214,2.908093818012341
5321521522.0,-0.28300807737913647,0.0693284239634259,0.29137604951520607,2.9013538980710085
5322622623.0,-0.2858840623490709,0.07299172207926745,0.29505506028079653,2.8916138791477217
5323723724.0,-0.28831957923392837,0.07729661273965213,0.29850116601221716,2.879658605183226
5324824825.0,-0.2899755718251502,0.08241209948316011,0.30145909572700763,2.864690229131917
5325925926.0,-0.2909512324373624,0.08809004054063878,0.3039942020816704,2.847600496027145
5327027027.0,-0.29096688747697363,0.0941843224950602,0.30583069860936346,2.8285421698541757
5328128128.0,-0.29004042677725805,0.10047470895892578,0.3069505111667267,2.808114069930392
5329229229.0,-0.28805997721262383,0.10671640765314797,0.30719202810966667,2.786802970747543
5330330330.0,-0.2850187321191527,0.11268135333317547,0.30648452660420766,2.7651037482692216
5331431431.0,-0.28093571969599107,0.11822091277535038,0.30479675657483873,2.7432752537403444
5332532533.0,-0.2760908795990432,0.12313328412871759,0.3023044482935983,2.7220799181183715
5333633634.0,-0.27055484999147267,0.12717456710251993,0.2989536709452179,2.7021900270261283
5334734735.0,-0.2645195832349773,0.130202698142527,0.2948276657954611,2.6841857488884524
5335835836.0,-0.258286739447196,0.13231053043966004,0.2902035772341339,2.668183484518659
5336936937.0,-0.2521250584300931,0.13348752210598758,0.2852822525962216,2.654663836443524
5338038038.0,-0.24600683770897122,0.13374627847259932,0.28001326969420254,2.6436231264847105
5339139139.0,-0.24015347849531718,0.13315306569999752,0.2745968538397857,2.6353394539927066
5340240240.0,-0.2346675786259902,0.1319356066969182,0.2692134409212682,2.629413326644804
5341341341.0,-0.2297320253342396,0.13015957390784402,0.26404226582886914,2.6261158303167074
5342442442.0,-0.22526633533741625,0.12805721037965404,0.2591207652168545,2.6246794990617417
5343543544.0,-0.2212637222082512,0.12566031144482642,0.25445657515155884,2.625094713678246
5344644645.0,-0.21782700999434584,0.12288386183971897,0.2500980803279385,2.627961968152846
5345745746.0,-0.21498555857012153,0.11994903553061556,0.24618399931439908,2.6326739431870445
5346846847.0,-0.21263168746673566,0.11701187697824494,0.2427014912787383,2.6385167653645993
5347947948.0,-0.21081266620471117,0.1140441207839142,0.2396832111719863,2.6457057791132876
5349049049.0,-0.20943057658566108,0.11105519156970864,0.2370536268096043,2.654021669541162
5350150150.0,-0.2085785878242537,0.10812813322869551,0.23493982313410056,2.663329878626757
5351251251.0,-0.2082181018041946,0.10538148246304843,0.2333667387719418,2.6730681632295634
5352352352.0,-0.20829785104468204,0.10280306964954433,0.23228531137203148,2.6831273588251054
5353453453.0,-0.20870821577344797,0.100437613423848,0.23161786097279813,2.693069753393535
5354554555.0,-0.20956844985218534,0.09838531506879501,0.23151372614735824,2.702669030494542
5355655656.0,-0.21070640380678696,0.09658914551728462,0.23179010254311536,2.7117700665427105
5356756757.0,-0.21227379984952308,0.0951531921399791,0.23262479678010073,2.7201892490912494
5357857858.0,-0.2141309914730455,0.09410863171711262,0.23389851661115044,2.727512346434006
5358958959.0,-0.21621728000834323,0.0935715449355419,0.23559615063882186,2.7331623420168003
5360060060.0,-0.2185347968271656,0.09348575903664355,0.23769106959864506,2.7373660294297606
5361161161.0,-0.2209932175299653,0.09396804226424531,0.24014161480514276,2.7395460015592517
5362262262.0,-0.22357941472992693,0.09506122561242811,0.2429493595503261,2.739570576927658
5363363363.0,-0.22615133100152404,0.09687886935754907,0.24602833138026595,2.736861996704136
5364464464.0,-0.22853280893382222,0.09929532473492772,0.24917224218078074,2.731711043457682
5365565566.0,-0.23064417057942083,0.1023692863923551,0.2523414437201091,2.7238725357542335
5366666667.0,-0.23244922967916473,0.10621209237935889,0.2555653594406694,2.7129940283468037
5367767768.0,-0.2337278072670802,0.11069488295744205,0.2586156317836167,2.699282341584716
5368868869.0,-0.23427238257618144,0.11582648473954978,0.26134139321018757,2.6824274614676527
5369969970.0,-0.23386144514420787,0.12128322637212105,0.2634403092242501,2.6631669741325084
5371071071.0,-0.23272253751379537,0.12696134814244292,0.26510179816252943,2.6421737991675576
5372172172.0,-0.23043381478238834,0.13266474846774723,0.2658941114074824,2.619219422669036
5373273273.0,-0.2270760127242875,0.13823353661484833,0.2658421076500286,2.5947609008205177
5374374374.0,-0.22284463181867442,0.1433183742489581,0.2649526114756467,2.570061157155193
5375475475.0,-0.21774602231581497,0.1477865354784135,0.2631619089136415,2.5452982191619777
5376576577.0,-0.21197963506747253,0.15147973630703773,0.26054073807178124,2.5211379350144534
5377677678.0,-0.20573845134629778,0.15424013949936718,0.2571348498262287,2.498289725667958
5378778779.0,-0.1992660816442252,0.15606081684866144,0.25310462233889464,2.4771935088811348
5379879880.0,-0.1927929363186706,0.15690734683063973,0.24857399659619597,2.4584546740718594
5380980981.0,-0.18650371207288063,0.15695934433942263,0.2437619133343546,2.442002323069982
5382082082.0,-0.18044517633163423,0.1562041747880109,0.23866337356737005,2.4280771036558906
5383183183.0,-0.17483836965231,0.1548424839321135,0.23354796152598853,2.4167725307117465
5384284284.0,-0.1696569153184938,0.15291087207680693,0.22839703087972968,2.4080627294538632
5385385385.0,-0.1651038366930791,0.15057290127781583,0.2234535197529764,2.402193082096891
5386486486.0,-0.16102733116484128,0.1480442158214424,0.21873932252856887,2.398176636367493
5387587588.0,-0.15744752092447997,0.14532166714678144,0.21426177631015872,2.3962229251962253
5388688689.0,-0.1544131084379419,0.1424121316977891,0.21005861875242357,2.396603600640653
5389789790.0,-0.15178038737692798,0.13952471619591708,0.20616603120262444,2.3982412918974054
5390890891.0,-0.14961866060744614,0.13676025835630304,0.2027044939503042,2.4010643146212507
5391991992.0,-0.14793997368575504,0.13397670841942344,0.19958956438913608,2.405683806418371
5393093093.0,-0.14656493188107564,0.13129072238371675,0.19677025446276813,2.4111109600443847
5394194194.0,-0.14546304167477472,0.12879662515127033,0.19428861815256726,2.416888600190404
5395295295.0,-0.14476904253636333,0.12648823016662605,0.19224294017617588,2.4234856319915346
5396396396.0,-0.14426105982396978,0.12439235706959811,0.19048546369438635,2.430016728855204
5397497497.0,-0.14393171661407575,0.12250507058490061,0.1890074902391069,2.4364410437360924
5398598599.0,-0.14391521313014868,0.1208577724057356,0.18793134310479642,2.4430591618269197
5399699700.0,-0.1440248155205658,0.11950849440441424,0.1871508154418327,2.4489568093576475
5400800801.0,-0.1442139405803018,0.11835065849188837,0.18655974652416957,2.454380298423218
5401901902.0,-0.14460875526896227,0.11751844872357246,0.18633914749948158,2.4591768241938796
5403003003.0,-0.14497112588215263,0.11690715683375352,0.1862361690394505,2.4629512346714217
5404104104.0,-0.1453730378750268,0.1167119661978566,0.18642693795367557,2.4651195719596495
5405205205.0,-0.14579930569546412,0.11677271333121873,0.18679749495112183,2.466294608419216
5406306306.0,-0.14615160738573008,0.11717761071091859,0.18732561168551448,2.465783218491645
5407407407.0,-0.1463224349488763,0.11788850873641575,0.18790411241232616,2.46340016214381
5408508509.0,-0.1463460931412442,0.1189305695662139,0.18857799276439913,2.459175805803671
5409609610.0,-0.14611819942036322,0.1202623195785544,0.18924469269245936,2.4529550816569365
5410710711.0,-0.14565177014112074,0.12179738351342623,0.18986584941994836,2.445151327878241
5411811812.0,-0.14474768769232316,0.12357639048412054,0.19032345461702338,2.4349333295109883
5412912913.0,-0.14344922020458273,0.12543564083306347,0.1905564975761891,2.423088187472206
5414014014.0,-0.1417815720878495,0.12740623647515678,0.19061574771373335,2.409546436691286
5415115115.0,-0.13960488524108475,0.12926683344338746,0.19026149955168786,2.3946253144783336
5416216216.0,-0.13690076819706112,0.13102822528888575,0.18949991069998018,2.3781092620551885
5417317317.0,-0.13388282076604244,0.1325496554974673,0.1883985691791992,2.3611982125650615
5418418418.0,-0.13041210799242098,0.13371597639003027,0.1867813701977957,2.3436865582599857
5419519520.0,-0.12664406117400917,0.13436780518230448,0.18464405027012354,2.3266115794865874
5420620621.0,-0.12269789257540423,0.13469969773697824,0.18220532761936117,2.3096007413011175
5421721722.0,-0.11866859283244012,0.13442907671554816,0.17931372393496875,2.2940044264379673
5422822823.0,-0.1146722538547919,0.13372935070339376,0.17616260966416544,2.279625582018908
5423923924.0,-0.11080791321222944,0.13244298896308326,0.1726833488090973,2.2674865092678465
5425025025.0,-0.10710374790705998,0.13074249751343267,0.1690112820843301,2.257133118183424
5426126126.0,-0.10369119259446774,0.12873510946641292,0.16530151793311615,2.248858677056663
5427227227.0,-0.10067712601749741,0.12635917203902783,0.1615627557995087,2.243554623558475
5428328328.0,-0.09802687699679143,0.12370631773272235,0.15783700979406995,2.2408957978179203
5429429429.0,-0.09565740205377954,0.12090529273983694,0.15417012804101868,2.240133757935832
5430530531.0,-0.09371838380850131,0.11809655742411124,0.15076449296536623,2.2416068124323516
5431631632.0,-0.0921737042944798,0.11522701995930136,0.14755764260812598,2.245495400779444
5432732733.0,-0.090950867753455,0.11233266832933855,0.14453611562199822,2.251397666479486
5433833834.0,-0.09005427044647335,0.10951551489861966,0.14178652837683964,2.2589858572741672
5434934935.0,-0.0894680082439541,0.10680207237734271,0.13932410833461448,2.2681056410359743
5436036036.0,-0.0891433961173879,0.1042248398411681,0.13714722859488873,2.2783586719435593
5437137137.0,-0.0890769635885857,0.10180148018897414,0.13527101245584108,2.2896300451714744
5438238238.0,-0.08925765324394194,0.09950114544831863,0.13366901887925728,2.3019800408781386
5439339339.0,-0.0896249552203083,0.09742307502732644,0.13237782346761237,2.314528151634415
5440440440.0,-0.0901610997044836,0.09556552357798252,0.1313841436272116,2.3271038882610995
5441541542.0,-0.09079760636964847,0.09385099759839668,0.1305841302481733,2.339659770213778
5442642643.0,-0.0916900889780777,0.09242568554534113,0.13019055175140046,2.3521992178956066
5443743744.0,-0.09266214408250838,0.09123503002311169,0.13003885438316362,2.3639547258712654
5444844845.0,-0.09369854857804594,0.0903337645924842,0.13015224558601662,2.3744761118405746
5445945946.0,-0.0947719203628587,0.0896689866052755,0.13046932224887622,2.3838544730018993
5447047047.0,-0.09587294190117837,0.0892639902029691,0.13099496530684865,2.391876979135807
5448148148.0,-0.09701648410278262,0.08916537529216681,0.13176745553686017,2.398338553581438
5449249249.0,-0.09813062740306269,0.08935293685645605,0.13271611567323893,2.4029787804946046
5450350350.0,-0.09912399686792901,0.08985125531786736,0.13378645236820427,2.4052237155139737
5451451451.0,-0.0999624383337087,0.0906957129272933,0.13497481772912498,2.404760148823514
5452552553.0,-0.10069551004110763,0.09182421341332983,0.1362764539875306,2.4022418533873764
5453653654.0,-0.10112338851376246,0.09323978753347438,0.13754852846829294,2.396733454468641
5454754755.0,-0.10127569126444894,0.09485257354442173,0.13875797760522424,2.3889323664174205
5455855856.0,-0.1010690873817841,0.09669586752919601,0.13987512724359016,2.378304106311346
5456956957.0,-0.10052407463654064,0.09864780309719837,0.1408420343414437,2.3656145753042535
5458058058.0,-0.09955779051465938,0.10070363679172338,0.14160853122336994,2.350472800357654
5459159159.0,-0.09807963483181628,0.10269581526188502,0.14200720137037293,2.33320678286734
5460260260.0,-0.09622701586628679,0.10460679922102674,0.1421345173622467,2.3144937166753623
5461361361.0,-0.09392923375653257,0.1063251177804039,0.1418722369778742,2.2943726730513494
5462462462.0,-0.09134625045102857,0.10772446345191772,0.14123985803400393,2.274106030948053
5463563564.0,-0.08842741074534895,0.10879875178517838,0.1402019092635315,2.2532702331528514
5464664665.0,-0.08530893894659582,0.10948037856986195,0.13879325760278957,2.2327354278491627
5465765766.0,-0.08208782044293703,0.10977056584244549,0.13706927952842873,2.2128960769858192
5466866867.0,-0.07883812073830643,0.10963175133832012,0.1350354404704744,2.194237991514119
5467967968.0,-0.07563477327864311,0.10911213326170772,0.1327632349479042,2.1769330590327582
5469069069.0,-0.07256955272151738,0.10826773437035656,0.13033895153748618,2.1612953793007237
5470170170.0,-0.06960959069359372,0.10710218159784302,0.12773555659857203,2.1471267333656976
5471271271.0,-0.06693719326797873,0.10573031061204341,0.1251378696666757,2.1351946691213533
5472372372.0,-0.0644509652800891,0.1041447971157903,0.12247475532461526,2.1249675900059657
5473473473.0,-0.06215911551856849,0.10235374884614712,0.11974992920628764,2.1165639349892835
5474574575.0,-0.060141771796267084,0.10054044819926364,0.1171555139073833,2.109880080812478
5475675676.0,-0.058358846488591826,0.09865928313390442,0.11462726164388184,2.104956503899203
5476776777.0,-0.05678619314764161,0.09671869936575692,0.11215693709800088,2.1016968660242012
5477877878.0,-0.05540490973564363,0.09478767052253324,0.10979256125031028,2.0997527229056305
5478978979.0,-0.05422622148354844,0.09286702879138228,0.10753961192473348,2.09930281099914
5480080080.0,-0.05318313452471866,0.09105585847849129,0.10544958587462237,2.0994213766960144
5481181181.0,-0.05237483651922824,0.08925321667165034,0.10348555544931111,2.101462143713374
5482282282.0,-0.0515805085843974,0.087552733021288,0.10161707496932802,2.103189645867966
5483383383.0,-0.05094980310260404,0.08594388320285463,0.09991112798972913,2.1059244259616916
5484484484.0,-0.05040282914428988,0.08445134511876418,0.09834874111099283,2.1088793519555677
5485585586.0,-0.049914887372509764,0.08299974180297082,0.09685273935604587,2.112234362712162
5486686687.0,-0.049524809123944885,0.08172357719094461,0.09555861964076007,2.1156187919571288
5487787788.0,-0.04919823822157755,0.08047926803367668,0.09432592023056795,2.1194946580357454
5488888889.0,-0.04886476593614662,0.07935037681495122,0.09318931081765303,2.122759886448152
5489989990.0,-0.048583905062901736,0.07838933450820869,0.09222409444283466,2.12563094351117
5491091091.0,-0.048277705644627925,0.077451895427606,0.09126627508361537,2.128190268121544
5492192192.0,-0.04797555142534599,0.07665954772520447,0.09043417380613879,2.129989523940187
5493293293.0,-0.04763946031543792,0.07599014342664237,0.08968846122633536,2.1307724761450344
5494394394.0,-0.047232288666698055,0.07542211640780543,0.0889909250211888,2.13028628289947
5495495495.0,-0.04680905638531983,0.07489372349520734,0.08831850077226529,2.129400243229681
5496596597.0,-0.0463220924929358,0.07443295944312457,0.08766984489769516,2.1274755539050467
5497697698.0,-0.04572068903821475,0.0740450555442055,0.08702328226787132,2.123963342858334
5498798799.0,-0.044985579212267986,0.07375981988437788,0.0863956790958848,2.1184581701827137
5499899900.0,-0.04420786852257583,0.07344337145526422,0.08572201846681674,2.11263473534491
5501001001.0,-0.04326310041217567,0.07319227060161623,0.08502237548489346,2.10463739359159
5502102102.0,-0.04220160861506591,0.07290004318316588,0.084234150234965,2.0955542946118824
5503203203.0,-0.04102701002671284,0.07256092472371345,0.08335648354202813,2.085397127353095
5504304304.0,-0.03970587720324157,0.07213599626095385,0.08234171871560154,2.0739702588045503
5505405405.0,-0.03833297278708534,0.0716637244949266,0.08127180452764765,2.0619730877983398
5506506507.0,-0.03685771870180428,0.07100763655481468,0.08000359915030066,2.0495808997806373
5507607608.0,-0.03526722091933207,0.07023950017276517,0.078596210187851,2.036122159013714
5508708709.0,-0.03375244084832639,0.06933010195846842,0.07710959927785514,2.0238579832150494
5509809810.0,-0.032160712033800415,0.06827488620114255,0.07547033512778382,2.0110148126021454
5510910911.0,-0.030630988589853136,0.06708382696250452,0.07374616804910586,1.9991315714729865
5512012012.0,-0.02915448147717559,0.06574745063569841,0.07192156182464737,1.9881743609663183
5513113113.0,-0.02775776475325783,0.06430263209324616,0.07003800395654186,1.9783061773524289
5514214214.0,-0.02645874884534234,0.06273517271250911,0.06808646918242459,1.9699135455445698
5515315315.0,-0.025229732984078965,0.06111208635468317,0.06611525183397682,1.9623254958640017
5516416416.0,-0.024199201641578398,0.059417651498624394,0.064156516969843,1.9575567139330579
5517517518.0,-0.02321948324715921,0.057688192407734595,0.06218578571938217,1.9534558048986788
5518618619.0,-0.02243395643711742,0.05596404331811868,0.060293088707867225,1.9520470967038361
5519719720.0,-0.02166905344990553,0.05424003049979276,0.05840829381203762,1.9508741590871055
5520820821.0,-0.021018365629015733,0.05251853193348992,0.05656825868067702,1.951482477360317
5521921922.0,-0.020530008910250662,0.050825651264786165,0.05481540013850697,1.9546860978228504
5523023023.0,-0.020060157698895763,0.04922044724733057,0.05315131563876682,1.9578006818335663
5524124124.0,-0.01969208613810876,0.04764342908679886,0.051552639036421086,1.9627343293005435
5525225225.0,-0.01937969693258203,0.046099248358911715,0.0500071330157544,1.9687564172460081
5526326326.0,-0.01910967187631059,0.04463968891572284,0.048558020817500006,1.9752788085756492
5527427427.0,-0.01889311950053605,0.04323973266397035,0.04718712160445008,1.9827356817872286
5528528529.0,-0.01870119996139836,0.04185684449672683,0.04584463230542237,1.990977219940303
5529629630.0,-0.01853676488322449,0.040578799042342184,0.04461222460329383,1.999298258600372
5530730731.0,-0.018336765607675165,0.0393790980912197,0.043439041649519866,2.0065859821935934
5531831832.0,-0.018147270149536855,0.03818773699031018,0.04228033432130564,2.0144176065708432
5532932933.0,-0.018000822681104228,0.037046615358823434,0.041188363972621794,2.0230976532163933
5534034034.0,-0.017868177317092965,0.03596666928864698,0.04016059088651433,2.0318792335500118
5535135135.0,-0.017674696975552406,0.03488842473525632,0.03911006384148774,2.0397150255056586
5536236236.0,-0.017435466934750933,0.033912893359618085,0.03813239886571027,2.045679991463268
5537337337.0,-0.017199516403775324,0.032945445199456344,0.03716484526961087,2.0519362000063195
5538438438.0,-0.016920888457261384,0.03196760158534985,0.03616965602964374,2.0576189341381435
5539539540.0,-0.016634384928247547,0.031046280055528452,0.035221786826159354,2.062666797426026
5540640641.0,-0.016211137531381193,0.030135398716400356,0.034219047851420124,2.064335898863791
5541741742.0,-0.015847963795816534,0.02919773674406852,0.033221465763109255,2.068079887144113
5542842843.0,-0.015405970169941122,0.028292426754963254,0.03221498608663484,2.0694273620860257
5543943944.0,-0.014913229496784782,0.027336502595863378,0.031139826399603082,2.070210988471668
5545045045.0,-0.01445682248494199,0.026396222617477517,0.03009585162165304,2.071860661975689
5546146146.0,-0.013889928640655913,0.02537901014040771,0.02893137178478461,2.071564128525232
5547247247.0,-0.013331137418272243,0.02435871560276879,0.027768079708208666,2.0715519924042387
5548348348.0,-0.012767549877169097,0.023298695538398598,0.026567640912527314,2.0720982671095363
5549449449.0,-0.012239393057340352,0.02217865332756244,0.025331707519160005,2.075062341071971
5550550551.0,-0.011665962478553182,0.0210579538211461,0.024073472946056874,2.076700136859431
5551651652.0,-0.011099891622567791,0.01982809885632521,0.022723580226032953,2.081137062652933
5552752753.0,-0.010619822556923857,0.018571062445787438,0.0213931061677795,2.090258472742279
5553853854.0,-0.010138305880640089,0.017335981613077214,0.020082865946332778,2.099973998299926
5554954955.0,-0.009685994535673884,0.016052222743185813,0.018748129110446092,2.113715883195605
5556056056.0,-0.009240979312800794,0.014716544120765462,0.017377352201012924,2.1315007975546725
5557157157.0,-0.008918921811409256,0.013403454705950602,0.01609968211898922,2.1579350972087203
5558258258.0,-0.008577585292311783,0.012060672368205311,0.014799823898279146,2.1890015189313763
5559359359.0,-0.008291318668994628,0.010706905685198023,0.01354192728611938,2.2297250632163492
5560460460.0,-0.008044129165958994,0.009414378793273621,0.012382994068555158,2.2778689897381947
5561561562.0,-0.007799180384291577,0.008062443133157278,0.011217406292994538,2.339598548522594
5562662663.0,-0.007620902744205698,0.006749646726365841,0.010180171391847147,2.4167482542725276
5563763764.0,-0.007451073788807034,0.005485250425088433,0.009252376604536806,2.5070022309650453
5564864865.0,-0.007309976694821021,0.004183140668406949,0.008422257721686425,2.6218268573516883
5565965966.0,-0.007175066572735204,0.002927717645379689,0.007749394230147909,2.7541740987194983
5567067067.0,-0.007077018240313905,0.0017037286820227333,0.00727920865174798,2.905347116583732
5568168168.0,-0.006934551252209169,0.0004686962286650732,0.006950372452198559,3.0741067470999925
5569269269.0,-0.006797711924888974,-0.0007175305872754766,0.00683547639579376,-3.0364273554938306
5570370370.0,-0.006707076600349218,-0.0019162832059632128,0.006975458253649625,-2.863296357166126
5571471471.0,-0.006586676394319741,-0.0030753095290969243,0.00726923893012489,-2.7047751115975065
5572572573.0,-0.006463476508887301,-0.004254144962742397,0.0077378471130518265,-2.559486959499517
5573673674.0,-0.0063481693350589605,-0.005440777406726108,0.008360700490755796,-2.433012749878013
5574774775.0,-0.00616967394817694,-0.006586553480796151,0.009024830379691418,-2.3235256451897253
5575875876.0,-0.00602370706704518,-0.007763157720550045,0.009826070660427077,-2.230690380557244
5576976977.0,-0.005904122557065098,-0.008942948774017277,0.010716109179340327,-2.1543076836255604
5578078078.0,-0.005736677844264369,-0.010150916319789444,0.011659784510025962,-2.085188162935191
5579179179.0,-0.005599747192172039,-0.011291542068317445,0.012603812554017981,-2.0311778566853405
5580280280.0,-0.005388465946253317,-0.01253203737552298,0.01364139017972276,-1.9768734999621274
5581381381.0,-0.005237284918533159,-0.013740433442988835,0.014704715723845222,-1.9349553898750476
5582482482.0,-0.00505351387536724,-0.014993580363140479,0.015822308763087677,-1.8958838079304154
5583583584.0,-0.004903083532228507,-0.016289416185031103,0.017011328806802943,-1.8631685694588842
5584684685.0,-0.00474496559866857,-0.01759811429582281,0.018226582929923848,-1.8341625299840447
5585785786.0,-0.004565870061297641,-0.01892961660134341,0.01947248197047593,-1.8074779658737974
5586886887.0,-0.004449877274363966,-0.020310599876509287,0.02079235136054987,-1.7864797898689697
5587987988.0,-0.0043423397910908445,-0.021688507572436316,0.022118934775004838,-1.7683975115758284
5589089089.0,-0.004246127924990138,-0.02313679050372698,0.023523194450769908,-1.7522993733660048
5590190190.0,-0.004213582453764661,-0.02455509881065241,0.024913995157252018,-1.7407382623294345
5591291291.0,-0.004169857438822769,-0.026051008210110818,0.0263826219285227,-1.729515071032094
5592392392.0,-0.004242834842604416,-0.027579076722958777,0.02790353239990351,-1.7234421117470238
5593493493.0,-0.004289754411640227,-0.029075522779666997,0.029390270802139965,-1.7172779194534438
5594594595.0,-0.004434565009946852,-0.0305911729916998,0.030910924150460917,-1.7147557674251366
5595695696.0,-0.004599585172167759,-0.032118238279117806,0.03244591521147483,-1.7130370978576617
5596796797.0,-0.004821893884960135,-0.033607938638574836,0.033952086830886075,-1.7132986799379675
5597897898.0,-0.005134756799413831,-0.03513804978555076,0.03551124146127492,-1.715900237255065
5598998999.0,-0.005522887071195917,-0.03661016631030453,0.03702440490905073,-1.7205239691323275
5600100100.0,-0.00587178471155402,-0.038028410874170394,0.03847905780179084,-1.7239917378300194
5601201201.0,-0.006296404173097748,-0.039438989152113635,0.03993843475715516,-1.7291095539429733
5602302302.0,-0.0067904954204928425,-0.040817879717018286,0.04137886093947859,-1.7356473965241561
5603403403.0,-0.007268071471003818,-0.0421049879202251,0.04272768272057263,-1.7417296741262058
5604504505.0,-0.007771841897175717,-0.043390698433459524,0.04408122317969548,-1.7480300524941232
5605605606.0,-0.008301928339852794,-0.04458993559451496,0.04535619440035774,-1.7548725770406137
5606706707.0,-0.008833477529413436,-0.04576726199174169,0.04661193619110212,-1.7614604876009603
5607807808.0,-0.009293905016863547,-0.04690071022512889,0.0478126896344892,-1.7664232681446113
5608908909.0,-0.009764777080373214,-0.047998776172767973,0.04898197000440939,-1.7714955007584055
5610010010.0,-0.010224034660741475,-0.049068105589194166,0.05012194999056152,-1.7762212612727464
5611111111.0,-0.010648958229849539,-0.050110467260198924,0.051229476284816236,-1.7801909598841537
5612212212.0,-0.011066072607354814,-0.051093939262063466,0.052278567236169346,-1.7840849395523577
5613313313.0,-0.011457838650816812,-0.05212157000007291,0.05336609528362228,-1.7871836307623108
5614414414.0,-0.011777331751757682,-0.05315440275928051,0.05444351270708722,-1.7888420566675594
5615515516.0,-0.012099731415790176,-0.054223326886220405,0.05555693187122713,-1.7903456330233014
5616616617.0,-0.012385498076989979,-0.055247575772670005,0.05661885897271364,-1.7913318082055274
5617717718.0,-0.01265738056092598,-0.05630853975629581,0.05771361132480321,-1.7919072260971463
5618818819.0,-0.012929120005610844,-0.05740144585000168,0.05883951163793053,-1.792339496969706
5619919920.0,-0.013142634061819772,-0.05853570492206121,0.059992979429309284,-1.7916570648907282
5621021021.0,-0.013393813924970927,-0.05969744824995407,0.061181529721090575,-1.7915030305910717
5622122122.0,-0.013638191039923846,-0.06086753389342907,0.06237673394070257,-1.791219190722516
5623223223.0,-0.013868720660327467,-0.06210305638232379,0.06363278262641263,-1.7905090932638583
5624324324.0,-0.014137570414836983,-0.0633380813865305,0.06489671371464996,-1.7904045238934574
5625425425.0,-0.014406095578376504,-0.06464987833396332,0.06623550678004646,-1.7900467793337749
5626526527.0,-0.01473167693793731,-0.06600932353919037,0.06763322481964959,-1.7903736965179537
5627627628.0,-0.015036981227254529,-0.06734470695488627,0.06900304601442107,-1.7904766540906276
5628728729.0,-0.015415718092430353,-0.06877284392299984,0.07047941845363496,-1.791305527364723
5629829830.0,-0.015839508729628155,-0.0702148034642613,0.0719792238241064,-1.7926688970283848
5630930931.0,-0.016343740327948122,-0.071718483655856,0.07355718011046021,-1.794857353373679
5632032032.0,-0.016886902606196245,-0.07318869937517951,0.07511160493466745,-1.797558887308403
5633133133.0,-0.017461043263613397,-0.07471714493025829,0.07673030547562677,-1.8003714800530093
5634234234.0,-0.018160365061954543,-0.07626264529310263,0.07839508866175895,-1.8045716764734259
5635335335.0,-0.01888865562440372,-0.07776704550261963,0.08002808680397044,-1.8090699012646054
5636436436.0,-0.019753637282254072,-0.07925820051475727,0.08168273094550847,-1.8150515304389234
5637537538.0,-0.020682255132979666,-0.0807708206252837,0.08337674221188676,-1.8214712523818182
5638638639.0,-0.021638627821019423,-0.0822293163947805,0.0850287638904007,-1.8281124673902454
5639739740.0,-0.022714251535632557,-0.08365062215442993,0.08667966203007019,-1.8359403120297593
5640840841.0,-0.02385299382435865,-0.08499212596810761,0.08827585621767463,-1.8444071676149199
5641941942.0,-0.0250530989614908,-0.08627452492605486,0.08983847404531486,-1.853411742777309
5643043043.0,-0.02632766551063793,-0.08746059273985866,0.0913372938817844,-1.8631915514512765
5644144144.0,-0.027641294033032653,-0.08860808136626284,0.09281935799837673,-1.8731800805020618
5645245245.0,-0.029005473501410396,-0.08957132604703283,0.09415062369875668,-1.8839655042813008
5646346346.0,-0.030379400091116556,-0.0904541657321733,0.09541941127569173,-1.8948138297842296
5647447447.0,-0.03177582697619273,-0.09127183140328284,0.09664497083516671,-1.9058175834632336
5648548549.0,-0.03313779606807264,-0.09191367259877502,0.09770484501212813,-1.9168225582390364
5649649650.0,-0.034461260281260744,-0.09250439124516249,0.09871494749940808,-1.927405451215935
5650750751.0,-0.03570073591774706,-0.0929850919035955,0.0996030615061044,-1.9373820493999732
5651851852.0,-0.036943245526540186,-0.09330256578771444,0.1003502474964811,-1.9478073326508472
5652952953.0,-0.038081594055878534,-0.09363393935702483,0.1010817609925338,-1.9570713370751505
5654054054.0,-0.03909683289986478,-0.09383294159219098,0.10165226643141545,-1.9655853933696175
5655155155.0,-0.04006555122941361,-0.09402024276264856,0.102201049135829,-1.9736300525794443
5656256256.0,-0.04092913772189427,-0.09416796398756566,0.10267813670018194,-1.9808034911431853
5657357357.0,-0.04165796991054579,-0.09429613236316045,0.10308805476736194,-1.9867919525040705
5658458458.0,-0.042295862066175596,-0.09443857400123387,0.10347745748377991,-1.9918745150001933
5659559560.0,-0.04284525216427428,-0.09461630030036523,0.10386510441697512,-1.9960025302122164
5660660661.0,-0.04328278768069147,-0.09477497691726462,0.10419067117107876,-1.9991997424336037
5661761762.0,-0.043707052485774715,-0.09499913021745822,0.10457122538761726,-2.001999813843042
5662862863.0,-0.044008680422539796,-0.09519526432528999,0.10487565161892949,-2.0038309439752022
5663963964.0,-0.044118808495539646,-0.09548887352603687,0.10518837497716925,-2.0036099732612307
5665065065.0,-0.04423681298406326,-0.09593347312243561,0.10564150173260538,-2.0028588127290865
5666166166.0,-0.04427313196321998,-0.09643042811523576,0.10610814144221142,-2.0012084595403796
5667267267.0,-0.04427607054703331,-0.09702111920195364,0.10664646264309739,-1.9989224692955034
5668368368.0,-0.044271401280484526,-0.09775376687489065,0.10731149010971824,-1.9960484130599523
5669469469.0,-0.0442099244510442,-0.09858281501703489,0.10804206975363789,-1.9923644180289397
5670570571.0,-0.04424632929777858,-0.09955145524641719,0.10894140580149891,-1.9890310414906778
5671671672.0,-0.044279000700936856,-0.10055759472195143,0.10987474577598713,-1.9855835989375503
5672772773.0,-0.04433602830675129,-0.10168532725586374,0.11093056019487667,-1.9819571865838364
5673873874.0,-0.04440163991347733,-0.10288395809303481,0.11205630040250056,-1.9782187190852756
5674974975.0,-0.044588180985945136,-0.10421468623605605,0.11335257699282804,-1.9750778829545945
5676076076.0,-0.04479134154282387,-0.1056462979385699,0.11474931174229751,-1.9717980876538779
5677177177.0,-0.04509621789371257,-0.10717461498800336,0.11627582279280571,-1.9690814928751872
5678278278.0,-0.04544758492113076,-0.10875512269012125,0.11786924826479006,-1.966628630110404
5679379379.0,-0.04597550800352934,-0.11043494854011023,0.11962284562423427,-1.9652860847999423
5680480480.0,-0.04665892120093506,-0.11220216026804827,0.12151699344722061,-1.9648887490168476
5681581582.0,-0.047417749915152525,-0.11388850307641801,0.12336544953917698,-1.9653196265854753
5682682683.0,-0.048298642516994304,-0.11569515093181695,0.12537195387374447,-1.9662672425218755
5683783784.0,-0.04944741827069413,-0.11748233505028872,0.12746429391208064,-1.969182635419009
5684884885.0,-0.050734982354700725,-0.11921298093800307,0.12955992149834175,-1.9731604232033844
5685985986.0,-0.05213045033619699,-0.12086124440336178,0.13162455793271954,-1.9780119043118471
5687087087.0,-0.0537377206510711,-0.12251530418551723,0.13378244421613164,-1.984146843762081
5688188188.0,-0.05548316230341861,-0.12404695272198733,0.13588976333336683,-1.991382244621451
5689289289.0,-0.05740675265608669,-0.12535869849542247,0.13787798424325529,-2.0002334430730904
5690390390.0,-0.05939732175614146,-0.12657264863359952,0.13981658418773946,-2.0095628490494923
5691491491.0,-0.06145810304261472,-0.12756401694862868,0.14159688149696897,-2.0197639594924515
5692592593.0,-0.06361964911500444,-0.12828176222685223,0.14319102721030721,-2.031188111007312
5693693694.0,-0.0657562613517876,-0.12884202582287277,0.14465183554005254,-2.04270028509084
5694794795.0,-0.06790547908224143,-0.12909724598453481,0.14586724447311747,-2.0550289233938734
5695895896.0,-0.06996224367050763,-0.1291725188193998,0.14690219589087047,-2.0671819456433758
5696996997.0,-0.07190098891005703,-0.12907403772092985,0.1477493127558574,-2.07903783910943
5698098098.0,-0.07364355099872778,-0.12878718075617263,0.14835602627067532,-2.090240190878512
5699199199.0,-0.07521217993059087,-0.1283434319439248,0.14875788561638148,-2.100875090085976
5700300300.0,-0.07658549129141182,-0.12782231868310315,0.14900967294062387,-2.1105949048067085
5701401401.0,-0.07772486222504878,-0.12716618995465415,0.1490382302481011,-2.119415523456254
5702502503.0,-0.07867760756022452,-0.12656269228948636,0.14902443091977874,-2.126982512090406
5703603604.0,-0.07940782023999142,-0.12596348615156575,0.14890400182239052,-2.1332718589434094
5704704705.0,-0.07990839800887195,-0.1254443536636385,0.14873344593073984,-2.1379803097704086
5705805806.0,-0.08020808988985248,-0.1250044079748521,0.14852420576095307,-2.141273584493405
5706906907.0,-0.08028475686976805,-0.1246099525987622,0.14823387761339693,-2.143145934130845
5708008008.0,-0.08034468498241804,-0.12443445566237414,0.14811887847575456,-2.1441277678067046
5709109109.0,-0.0801618365565917,-0.12438985034058754,0.1479822790332663,-2.143253235520385
5710210210.0,-0.07990327084569475,-0.1244660053969051,0.14790645419082582,-2.141504856810856
5711311311.0,-0.07967117568556299,-0.12475066238236768,0.14802102553339958,-2.139146458945166
5712412412.0,-0.07921979007073202,-0.12524715709669326,0.14819792677245727,-2.1347762232897574
5713513514.0,-0.07888354702254347,-0.1259249437944048,0.14859241387258582,-2.130425488690443
5714614615.0,-0.07849668518111604,-0.12679874734297084,0.14912964799854453,-2.125116494846208
5715715716.0,-0.07814177194384168,-0.12777518005323457,0.1497752755302419,-2.1196701192556717
5716816817.0,-0.07779502734756087,-0.12902203211154842,0.15066104689069823,-2.1133889036008884
5717917918.0,-0.07754012443984414,-0.1304131210325867,0.15172360737738416,-2.107215851806985
5719019019.0,-0.0773742328146167,-0.13196030719481755,0.15297154826503237,-2.1011146876068736
5720120120.0,-0.0773531130870968,-0.13369542811352278,0.1544602589753213,-2.0953147367343488
5721221221.0,-0.07743033130552401,-0.13556035632207247,0.15611555467745827,-2.0897604148450117
5722322322.0,-0.0776828755437306,-0.13758705434095814,0.1580026160383571,-2.084786357229949
5723423423.0,-0.07809444646074318,-0.13973027055944828,0.16007276807323131,-2.0804424904520253
5724524525.0,-0.07868426877722151,-0.14196838524661765,0.16231523823269975,-2.076887429125715
5725625626.0,-0.07949495599719,-0.1443745950408036,0.16481344521061142,-2.0741123193345112
5726726727.0,-0.08049001446180623,-0.1467910599607423,0.16741044684385745,-2.0723568639357124
5727827828.0,-0.08174533652171978,-0.14926576274459424,0.17018392394928117,-2.0718332236759482
5728928929.0,-0.08326993352289543,-0.15175196592163226,0.1730969121330235,-2.072659293475218
5730030030.0,-0.08507359555492439,-0.15421493649047974,0.17612428366754412,-2.074910052494514
5731131131.0,-0.08715795384929859,-0.15664803512528838,0.1792627006039183,-2.078534945360795
5732232232.0,-0.08957563083626044,-0.15895458394754122,0.18245644246682532,-2.08396765701711
5733333333.0,-0.0921089847511197,-0.1611294477288615,0.18559839438230577,-2.0901062420496284
5734434434.0,-0.09508499944269927,-0.16306266272981787,0.18876066617692483,-2.098711129758264
5735535536.0,-0.09812972978556209,-0.1647324487919098,0.19174520477124485,-2.108041835757587
5736636637.0,-0.10143220188610516,-0.1661762083910744,0.1946869893308163,-2.118820115156453
5737737738.0,-0.10490201142968782,-0.1673075670613231,0.19747469204425533,-2.130833267775128
5738838839.0,-0.10845640120267402,-0.16803715698706914,0.1999981927171651,-2.143952933795204
5739939940.0,-0.11198294463233027,-0.16840945722367276,0.20224224378427869,-2.157605722737794
5741041041.0,-0.11551010975105686,-0.16844123732101463,0.20424259077120904,-2.171900556045005
5742142142.0,-0.1188986561181215,-0.16805160973025124,0.20585974341678362,-2.1865466278676275
5743243243.0,-0.1221115997756706,-0.16743653720372595,0.20723473837787973,-2.2009178002574243
5744344344.0,-0.12509344421970053,-0.16646249552695586,0.20822615638725392,-2.2152447617671465
5745445445.0,-0.12776439883132282,-0.16523947471791625,0.2088727498114156,-2.2289855389867474
5746546547.0,-0.13015146430798039,-0.16385393895296943,0.20925467013167215,-2.2420605166477285
5747647648.0,-0.13222966365699604,-0.16233880319596117,0.20937662470758123,-2.254333845073262
5748748749.0,-0.1338907419930445,-0.16079446503831926,0.20924050941059974,-2.265150399512106
5749849850.0,-0.135336595861175,-0.15928455700359095,0.20901570342708994,-2.275088883828628
5750950951.0,-0.1363244660280107,-0.15784909994822924,0.2085682104067835,-2.283154807906989
5752052052.0,-0.13719652683837316,-0.15654319935270858,0.20815537523709135,-2.290426164549982
5753153153.0,-0.1376972162535603,-0.1554695399147559,0.20768076753827167,-2.2956466961844972
5754254254.0,-0.1379824676434764,-0.15450369655206034,0.20714862689681088,-2.299768944153148
5755355355.0,-0.1381795643351851,-0.15383407536532737,0.20678132106978808,-2.302636922418666
5756456456.0,-0.1382003940151051,-0.1534099093795981,0.2064799002367707,-2.3040847193359455
5757557558.0,-0.1382041714979883,-0.1532760336731401,0.206382982626996,-2.3045324878448468
5758658659.0,-0.13821878300122425,-0.15328393196535636,0.20639863316674245,-2.3045594383781993
5759759760.0,-0.1381038155682218,-0.15366833844149902,0.2066074105976659,-2.302900219287941
5760860861.0,-0.13800003362547744,-0.15424010890763326,0.2069638144132241,-2.3006805937627806
5761961962.0,-0.13810576097546698,-0.1551301908885677,0.2076982843928574,-2.2982024850291105
5763063063.0,-0.13838650630142302,-0.1562319940974009,0.20870855542110414,-2.2956968934515056
5764164164.0,-0.1387317756235812,-0.15762091311917487,0.20997823177699668,-2.2925418878361508
5765265265.0,-0.1392986743778293,-0.15915903627488487,0.21150820199550333,-2.2897491451498486
5766366366.0,-0.14011985734744858,-0.1608998116721449,0.21335961149946125,-2.2872719504102705
5767467467.0,-0.14116181593391214,-0.16270469173605412,0.21540537363465212,-2.285417057920448
5768568569.0,-0.14252811639008184,-0.1646221127267331,0.2177491767155916,-2.2843859563181517
5769669670.0,-0.1441799037349547,-0.16668018830190934,0.22038631947872983,-2.2839397511403017
5770770771.0,-0.14620113361210432,-0.1688165444512991,0.22332442130215366,-2.2845265194201114
5771871872.0,-0.14856670445271603,-0.1708853985459774,0.22643737568731492,-2.2864422928818717
5772972973.0,-0.15138278377016695,-0.17291092457680177,0.22981500181669942,-2.2899070498722827
5774074074.0,-0.1545100587206475,-0.17472857503979705,0.23324543549938107,-2.2948615974790982
5775175175.0,-0.15807046245659656,-0.1763481365132974,0.2368225841277704,-2.3015937379876488
5776276276.0,-0.16204843356038642,-0.17763914464622418,0.24044824917228472,-2.3103294708470963
5777377377.0,-0.1663242964117304,-0.1786386896897881,0.2440810378356778,-2.3205119186894634
5778478478.0,-0.170916400352665,-0.1790794417766618,0.24755173676739428,-2.332875465325674
5779579580.0,-0.1756860310353052,-0.17912542504022577,0.2509013738439464,-2.3465012116244304
5780680681.0,-0.18055795753481463,-0.17838359684621502,0.25381466398326336,-2.3622521173075457
5781781782.0,-0.18539483429595754,-0.17710649215220273,0.2563941382833933,-2.379054815589505
5782882883.0,-0.19020507394536168,-0.17534784596150926,0.25869835182679785,-2.396815299253118
5783983984.0,-0.19475388717121736,-0.1728272408051634,0.2603811278349973,-2.415775064817266
5785085085.0,-0.19882958318674915,-0.1697201029773082,0.261415601112184,-2.4350147257778816
5786186186.0,-0.2024605892061656,-0.16617502089308644,0.2619244695528187,-2.454310502693583
5787287287.0,-0.20559224380657212,-0.1622329444190494,0.26189253324273176,-2.4735331671456686
5788388388.0,-0.20793884019448605,-0.15804466407681922,0.26118322515924075,-2.4916882293740374
5789489489.0,-0.20971702666279513,-0.15368708495023284,0.26000182951814704,-2.5091707244085564
5790590591.0,-0.2108481321162664,-0.14936171693630276,0.25839090019402533,-2.5252611138720154
5791691692.0,-0.21130058663436357,-0.14520610609250925,0.25638399161916336,-2.539507947063375
5792792793.0,-0.21116796397300655,-0.1412359109675925,0.25404623901044215,-2.5520924077899325
5793893894.0,-0.21053669803836011,-0.1375656875382969,0.25149556578353416,-2.562827628212261
5794994995.0,-0.2094693603557887,-0.1342297982624046,0.2487871613838405,-2.5717059312313677
5796096096.0,-0.2080683440875797,-0.1313895502611579,0.24608057568442254,-2.5783521020655766
5797197197.0,-0.20634692005450003,-0.12899636124035946,0.24334977425350438,-2.5828904137501323
5798298298.0,-0.20449418643741077,-0.12703936509386352,0.24074233647231738,-2.585703857366982
5799399399.0,-0.2024827663859403,-0.1255656193138125,0.2382561550872601,-2.586503094586029
5800500501.0,-0.20047301660387856,-0.12453347594326127,0.23600427330192522,-2.5857318933849287
5801601602.0,-0.1984004488148969,-0.12398000543742446,0.23395251620407145,-2.5830668284863334
5802702703.0,-0.19647895474758,-0.12383214921443123,0.23224637960098915,-2.579222270454687
5803803804.0,-0.1945444509987817,-0.1240329973076123,0.23072002044800433,-2.574015156077035
5804904905.0,-0.1928604542738537,-0.12459145937456559,0.22960441322370362,-2.568021333612398
5806006006.0,-0.1913308358140912,-0.12554906498918042,0.22884504900254268,-2.5608793948268995
5807107107.0,-0.18997235677742086,-0.12669336233337483,0.22834339140624035,-2.5534256229560333
5808208208.0,-0.18887050461126825,-0.12820897336278386,0.22827529074092562,-2.5452237028657194
5809309309.0,-0.18799691158392748,-0.129902380684125,0.22851141606602146,-2.5369450787143504
5810410410.0,-0.18750930935361507,-0.13186373039631216,0.22923303533369926,-2.528696629561463
5811511512.0,-0.18719345400965637,-0.13390736780441317,0.23015771196371354,-2.5206439855080145
5812612613.0,-0.18730278164346054,-0.13623518114172795,0.23160819629731863,-2.5127440724688914
5813713714.0,-0.18768391513281002,-0.13869445238013237,0.23336967052426638,-2.5051824449948903
5814814815.0,-0.18843353735393387,-0.14116960492652353,0.23544862572295283,-2.498620061268213
5815915916.0,-0.18959131221337566,-0.1437600021477308,0.2379323514873613,-2.4928244166530558
5817017017.0,-0.19119887355477228,-0.1461735207214038,0.24067344558281556,-2.4888694060611596
5818118118.0,-0.19311608865590552,-0.14870676013605996,0.24373658774980672,-2.485389971408922
5819219219.0,-0.1955489933974561,-0.15102959215261752,0.24708165962803535,-2.4839488756226378
5820320320.0,-0.19832759803241454,-0.1532283252101774,0.25062473099840504,-2.4837824073307666
5821421421.0,-0.20152334509423347,-0.15516534580016378,0.2543382455614057,-2.48543770477807
5822522523.0,-0.20507151204134594,-0.1567141887800755,0.2580962262721426,-2.489069811239319
5823623624.0,-0.20897883840344217,-0.15792271759931567,0.26193842718166654,-2.4944614049348712
5824724725.0,-0.2131345881076168,-0.15861169727588909,0.2656765385963573,-2.5018231401791144
5825825826.0,-0.2174700022673199,-0.15886908323121401,0.2693187470134126,-2.510667067591692
5826926927.0,-0.22188166229923809,-0.15849290770741253,0.272674666696823,-2.521325243916952
5828028028.0,-0.2262814397670764,-0.15753330100429747,0.27571730251903237,-2.5334330025131577
5829129129.0,-0.23050853881332795,-0.1559592529900054,0.2783118306128146,-2.5467530231574833
5830230230.0,-0.2345231737125783,-0.15382247582547595,0.28046831029066244,-2.5610847786552715
5831331331.0,-0.2380512449342789,-0.15113246899881913,0.28197414491481143,-2.575924652892996
5832432432.0,-0.24093342943784646,-0.14806917024245736,0.28279567994750476,-2.5905326230431234
5833533534.0,-0.24348712019141958,-0.14468503043292558,0.283230887670267,-2.605433647107805
5834634635.0,-0.24532996978485586,-0.14110086426045543,0.2830128053104413,-2.619647697718073
5835735736.0,-0.24650900661602834,-0.13747611443671634,0.2822523204217075,-2.6328630221396017
5836836837.0,-0.2470005716228652,-0.13416842333156195,0.28108797235260596,-2.6439923082439414
5837937938.0,-0.24708687211249228,-0.13089098313797543,0.2796146845878465,-2.654439658572873
5839039039.0,-0.24652757718344498,-0.12801366602781186,0.2777829098447555,-2.662650420541459
5840140140.0,-0.24562176972464309,-0.12550623839265235,0.2758294212699923,-2.6692047580358804
5841241241.0,-0.24439592914214753,-0.12355573984965453,0.2738528638357633,-2.6735104183013108
5842342342.0,-0.2429921645173681,-0.12196876885542429,0.2718852195190897,-2.6763900357654875
5843443443.0,-0.2414936797053983,-0.12085255113915969,0.27004543405600606,-2.677594914429341
5844544545.0,-0.23982547471469962,-0.12032057597232981,0.2683156710377615,-2.676585518856708
5845645646.0,-0.2382706785096102,-0.12023684615389879,0.2668891444222982,-2.674253549525089
5846746747.0,-0.23679344883121353,-0.12058476804240009,0.26572885370847477,-2.67058015598202
5847847848.0,-0.2354627929145236,-0.12137422562144758,0.2649045667637949,-2.6656450391394673
5848948949.0,-0.2343794278207866,-0.12252289683748853,0.26447226023734355,-2.659907604705687
5850050050.0,-0.23352741512864086,-0.1240179112167464,0.264415385178755,-2.65340408107582
5851151151.0,-0.23301557353242786,-0.12588172342598408,0.2648442293147847,-2.646282263253191
5852252252.0,-0.23282612755225454,-0.12802160546972863,0.2657019705196511,-2.6388574920579275
5853353353.0,-0.23293172967209877,-0.130380459171993,0.26693867239861563,-2.6313047254898274
5854454454.0,-0.23355666258444027,-0.13297854255376826,0.26876012988779874,-2.6240049816930147
5855555556.0,-0.23456720082433086,-0.13567220239094274,0.27097733891263104,-2.6172116226625284
5856656657.0,-0.23601491614372738,-0.13841647559421508,0.27360950524105443,-2.6111785426500402
5857757758.0,-0.23800187771744113,-0.14126445825098527,0.2767680273477631,-2.6059341340407918
5858858859.0,-0.24042003186125455,-0.14403804699717335,0.28026550037941983,-2.601827816813991
5859959960.0,-0.243404819893056,-0.14684804517803562,0.28427144548790234,-2.598744439851808
5861061061.0,-0.24694980688894125,-0.14927736778210232,0.288561847191271,-2.5978821392172473
5862162162.0,-0.2508822767072301,-0.15169809628415154,0.29317951698923117,-2.5977548385205784
5863263263.0,-0.2555694762211145,-0.15354535346308673,0.29814750165989823,-2.6005873907451664
5864364364.0,-0.2605499863541242,-0.15511078193018818,0.30322541130342073,-2.6046209709537673
5865465465.0,-0.26606751523873523,-0.15601129687238602,0.3084338623061974,-2.6112630851758625
5866566567.0,-0.2718886662015576,-0.15642421791450536,0.31367496355148694,-2.619514518332471
5867667668.0,-0.2779060476562744,-0.1561110942087896,0.3187513844032635,-2.629780297123729
5868768769.0,-0.2841258722416138,-0.15490635978811798,0.3236100919005211,-2.642439596545167
5869869870.0,-0.2903951978458055,-0.15295078378929242,0.32821229896770077,-2.6568148936319664
5870970971.0,-0.2963143815626619,-0.150021950201692,0.33212768367479056,-2.672923185157528
5872072072.0,-0.3019852499526975,-0.14635852568483687,0.3355829394197986,-2.6902965956297265
5873173173.0,-0.30707938727634176,-0.14183625992650026,0.3382532700802037,-2.7088968249401475
5874274274.0,-0.31155640293512016,-0.136742562953681,0.3402439135870212,-2.7280065025566307
5875375375.0,-0.3152258291103179,-0.13107959411710046,0.3413930042226863,-2.747516707036454
5876476476.0,-0.31799835197500725,-0.1251052494707609,0.34172251214100885,-2.7667760551727185
5877577578.0,-0.3198023794982529,-0.11895359564731664,0.3412089093944792,-2.785490116510804
5878678679.0,-0.32068675303277566,-0.11284979741084739,0.33996333676791346,-2.803225829673053
5879779780.0,-0.3206284669689498,-0.10701783847054089,0.3380169102009035,-2.8194444500845965
5880880881.0,-0.31999057157823974,-0.1015182055271937,0.3357080754948116,-2.8343828562869637
5881981982.0,-0.31845937827024834,-0.09656049916963352,0.3327766602515296,-2.847192273321162
5883083083.0,-0.3164523910753255,-0.09230489192425659,0.32963966522619736,-2.8577802615507526
5884184184.0,-0.3140298622962916,-0.0885822489463201,0.3262844912683036,-2.8666541299128836
5885285285.0,-0.31130739053621254,-0.08564629964979964,0.3228739383198483,-2.8731166438464775
5886386386.0,-0.3083933947044767,-0.08330986166327373,0.31944799099024707,-2.877748915833512
5887487487.0,-0.30546499072291056,-0.08172988022872625,0.3162097940917545,-2.880157438954828
5888588589.0,-0.3025427910284063,-0.08067925610194931,0.31311544639065936,-2.8809866251568343
5889689690.0,-0.2997462800053555,-0.08029545632769217,0.3103146672072097,-2.8798596208992677
5890790791.0,-0.29717954256682777,-0.08049424520876002,0.3078879731849833,-2.8770788177356645
5891891892.0,-0.2947500408295868,-0.08119545486888166,0.30572910960588573,-2.8727874551647252
5892992993.0,-0.2927016354010368,-0.0823111469491574,0.3040548836616956,-2.8674606241864358
5894094094.0,-0.29103672490640736,-0.08394089481643449,0.302900064487995,-2.8607930148748166
5895195195.0,-0.28967100135396867,-0.08576473239936205,0.3021007751544923,-2.8537394151353337
5896296296.0,-0.2888201479113126,-0.08799392653369152,0.3019271583450704,-2.845859857894087
5897397397.0,-0.2884436787559835,-0.09049769122258935,0.3023071086344218,-2.8375741760706097
5898498498.0,-0.28850987098865816,-0.09315727237496274,0.30317688410272176,-2.8292693545917835
5899599600.0,-0.2890225304340595,-0.09599963497419182,0.3045487695159594,-2.8209049794346206
5900700701.0,-0.2900668275646536,-0.09892534231179724,0.3064718385185313,-2.812919270375081
5901801802.0,-0.2916314471115727,-0.10195667577108566,0.3089402283269052,-2.805267131561714
5902902903.0,-0.29381116387206674,-0.10490106589434303,0.31197633506666456,-2.7986637778506127
5904004004.0,-0.29649439711457237,-0.10779976975842653,0.3154833084020508,-2.7928704284516517
5905105105.0,-0.2997856229740071,-0.1105736104236092,0.3195276874764152,-2.7882314375421733
5906206206.0,-0.3036333338908597,-0.11311240716745015,0.3240179286781726,-2.7849895626059666
5907307307.0,-0.3081095975696988,-0.1153200043799112,0.3289836280497017,-2.7834512469749098
5908408408.0,-0.3131119477777026,-0.11714649528368827,0.3343088290763467,-2.783579555732145
5909509510.0,-0.31858355761962487,-0.11849288780215662,0.33990593940864183,-2.785510397954342
5910610611.0,-0.3245371811807204,-0.11924398879130035,0.34575064834586716,-2.789477077158878
5911711712.0,-0.33105178392917844,-0.11921762766382625,0.35186378953862557,-2.7959328255132547
5912812813.0,-0.3376638941654766,-0.11839756104686469,0.35781963037938574,-2.8043501836098876
5913913914.0,-0.3445374417542424,-0.11688250975772874,0.36382354219844476,-2.814531314747188
5915015015.0,-0.3513142071640243,-0.11417547712100692,0.3694018296260815,-2.827364977259372
5916116116.0,-0.358004553738931,-0.11075247320614096,0.37474440732196135,-2.841570507273687
5917217217.0,-0.3643089890072828,-0.1062621067027798,0.3794900193581136,-2.8577850907664315
5918318318.0,-0.37006404905694934,-0.10084545661918826,0.3835586089832384,-2.8755446005977503
5919419419.0,-0.3751907811875043,-0.09474143598492714,0.3869677789953264,-2.89424799552872
5920520521.0,-0.379305341300305,-0.08787673865546326,0.38935185004782175,-2.9139310677297847
5921621622.0,-0.38253178431163004,-0.08081212251043227,0.3909746349231374,-2.9333978441729043
5922722723.0,-0.38465674681479634,-0.07339188981925121,0.391595687363106,-2.9530602431158774
5923823824.0,-0.38577117426972507,-0.06604031730927007,0.3913830890671589,-2.972045771607453
5924924925.0,-0.38587715106894527,-0.058791907078799985,0.39033019874850555,-2.990396290538362
5926026026.0,-0.38505005401483505,-0.05193271504689109,0.38853642170196734,-3.007529013948988
5927127127.0,-0.3835022119662333,-0.04561608607099464,0.38620561090102007,-3.0232028124292176
5928228228.0,-0.3812914430196599,-0.03987688859355551,0.38337100928984885,-3.0373877255552153
5929329329.0,-0.3785399855654092,-0.03490017049458785,0.3801454229270839,-3.0496557739469603
5930430430.0,-0.37550800708268756,-0.030647075006294627,0.3767565614420712,-3.0601581745889415
5931531532.0,-0.3722676836251574,-0.0270637780285225,0.37325015251546434,-3.069020549786002
5932632633.0,-0.3688293494444774,-0.024231190037347222,0.369624457500126,-3.0759893655109294
5933733734.0,-0.3656771694971863,-0.02202505808495131,0.36633986334429863,-3.0814344488257768
5934834835.0,-0.3624500224211131,-0.02036474396683212,0.363021681928091,-3.0854653164461845
5935935936.0,-0.35952927152210123,-0.019497359009842882,0.3600575566344518,-3.087415481315248
5937037037.0,-0.3567628630976804,-0.018896729594636317,0.35726296599987395,-3.088674904880158
5938138138.0,-0.35444379592696185,-0.018814499953734378,0.35494279803881473,-3.0885606667196734
5939239239.0,-0.35250759021119055,-0.019129324166828637,0.3530262485985713,-3.0873794105834462
5940340340.0,-0.3508993831536167,-0.019675486755033417,0.3514505681836867,-3.0855797152766735
5941441441.0,-0.3496398507412074,-0.020392330894535182,0.3502340251683808,-3.0833348340482063
5942542543.0,-0.34886233478166934,-0.02130599228639124,0.3495123373167609,-3.080595636542394
5943643644.0,-0.34847695968340997,-0.02227576218070465,0.34918820285187796,-3.077756308481728
5944744745.0,-0.34857414993491365,-0.023353904761309024,0.3493556109044879,-3.0746942475064443
5945845846.0,-0.34907394919863693,-0.02431097625456649,0.3499194844183196,-3.07206072487964
5946946947.0,-0.34988371720072486,-0.025255124272031165,0.35079400916234665,-3.0695361430716903
5948048048.0,-0.35116897232262756,-0.02603397881630254,0.35213266700937873,-3.067592832853276
5949149149.0,-0.3528587733057849,-0.026629140440471405,0.3538621553931159,-3.0662685825044407
5950250250.0,-0.35478297512316115,-0.026883988531015396,0.35580009594795975,-3.0659613207275074
5951351351.0,-0.3570637743668685,-0.026891410067958192,0.35807497385401993,-3.0664219370170405
5952452452.0,-0.35953456721208454,-0.02648862997322146,0.3605090186642204,-3.0680507431749917
5953553554.0,-0.3622180747393124,-0.025639442276086402,0.3631243790605126,-3.070925973476993
5954654655.0,-0.3650246005815656,-0.0242681506928637,0.36583042816007394,-3.075206745506201
5955755756.0,-0.36766473034986924,-0.022445508866230465,0.3683492294161969,-3.0806194769835065
5956856857.0,-0.3703095206716821,-0.020112537212948672,0.37085530231241565,-3.087333190858169
5957957958.0,-0.3727517438498442,-0.017239656084543392,0.3731501953436621,-3.095375888553844
5959059059.0,-0.3747325788459754,-0.013942228386721434,0.37499185508613736,-3.104403998981441
5960160160.0,-0.37645066609802325,-0.010159151296732255,0.3765877219994238,-3.1146125283009845
5961261261.0,-0.377560546645938,-0.006202427281837869,0.3776114888185555,-3.1251664949688718
5962362362.0,-0.37809797588587957,-0.001968512410499279,0.37810310023869076,-3.1363863453044303
5963463463.0,-0.3779532068671248,0.0022711380915285406,0.3779600304918159,3.135583680217002
5964564565.0,-0.3772359760918794,0.006479447611786857,0.3772916178493062,3.1244182297575582
5965665666.0,-0.3757010809318079,0.01043026063601174,0.37584583614863154,3.1138376570088933
5966766767.0,-0.3738767807213058,0.013970975787569919,0.3741377224057797,3.104242170418001
5967867868.0,-0.37138487858690844,0.017187150169500266,0.37178236398995806,3.095347108934383
5968968969.0,-0.3685802940325533,0.019747562881466438,0.3691089261842376,3.088066460453672
5970070070.0,-0.36538483274082323,0.021715939249118646,0.3660295862556888,3.0822294223614835
5971171171.0,-0.3622231014295595,0.023094043220803245,0.3629585514098453,3.0779224245876793
5972272272.0,-0.3589635695028266,0.023849458070724527,0.3597549733922769,3.075250382930727
5973373373.0,-0.3557195856623992,0.0238654916923903,0.3565192635995263,3.0746023007395857
5974474474.0,-0.352560209283874,0.02338840975691725,0.3533351367770356,3.075350945182655
5975575576.0,-0.3498108581102645,0.022292609750784703,0.3505204657382225,3.077951104883309
5976676677.0,-0.3472961739223281,0.020729016527080313,0.3479142488419638,3.0819765255853553
5977777778.0,-0.3452384513631255,0.018733139048476136,0.34574632145290957,3.087384363558698
5978878879.0,-0.34356301678898266,0.01629446330243746,0.3439492056095802,3.0942002936330253
5979979980.0,-0.3423664889390429,0.013592347499768252,0.3426361986991483,3.1019123304693172
5981081081.0,-0.3416623320977353,0.010624012869489073,0.3418274693817251,3.1105076034501002
5982182182.0,-0.3415407184881773,0.007489544058855432,0.3416228266021314,3.1196674672035747
5983283283.0,-0.3418610476891484,0.004173768653018155,0.3418865254318911,3.1293842978240614
5984384384.0,-0.34279411321070946,0.0008192667929104447,0.3427950922198197,3.1392026906310555
5985485485.0,-0.3442858694995651,-0.0025566185716800194,0.3442953619141458,-3.134166930357497
5986586587.0,-0.34635475937466825,-0.005869603336118245,0.34640449128844697,-3.1246474799799526
5987687688.0,-0.3489257320728121,-0.009125603726537979,0.34904504458009666,-3.115445186956029
5988788789.0,-0.3521564639947762,-0.012117020718538596,0.35236486391863414,-3.107198162755107
5989889890.0,-0.35597429514427587,-0.014976342521419023,0.356289193828248,-3.0995460338323007
5990990991.0,-0.36030169785819477,-0.01750616722167253,0.3607267378089557,-3.093043310287211
5992092092.0,-0.36522743997116186,-0.019623340331521022,0.3657542322293145,-3.0879151698192313
5993193193.0,-0.3705811412113019,-0.02130736231140766,0.37119319216567065,-3.0841587309165237
5994294294.0,-0.3764831456124733,-0.022467284525958586,0.37715293688931173,-3.0819866111267205
5995395395.0,-0.38268862527439335,-0.02303665555517958,0.3833813655012109,-3.081468341840894
5996496496.0,-0.389304567599706,-0.022821091621678516,0.38997288184795503,-3.0830395127394454
5997597598.0,-0.39619367424781543,-0.021911434012403037,0.3967991159950637,-3.0863440802078825
5998698699.0,-0.40322798377133323,-0.02014794138818629,0.4037310322956069,-3.0916675498581445
5999799800.0,-0.41034448718696054,-0.017489158871374505,0.41071701796097737,-3.098997758006281
6000900901.0,-0.4173143871016198,-0.013966634099915998,0.41754803861362044,-3.108137245970014
6002002002.0,-0.42403455718183924,-0.00951974180579998,0.4241414046853332,-3.119146032794963
6003103103.0,-0.4302681880958283,-0.004098729960016506,0.43028770988090304,-3.1320669528730196
6004204204.0,-0.43600723213698395,0.0020163665087372107,0.43601189457359,3.1369680694417137
6005305305.0,-0.44096205822970747,0.00890349319047215,0.44105193457139796,3.121404332627502
6006406406.0,-0.4450866696517995,0.01638728264590128,0.4453882424741887,3.1047910932881475
6007507508.0,-0.4482874041696786,0.024300519005160642,0.4489455556758625,3.087438201071404
6008608609.0,-0.4504319164270471,0.032404706718487775,0.45159603226075135,3.0697749731260466
6009709710.0,-0.45169168178753083,0.040660504128427234,0.45351808342339106,3.0518163554355957
6010810811.0,-0.45190742566738157,0.04871500032748763,0.4545255467300238,3.0342086980625638
6011911912.0,-0.45110846981025204,0.056566118504556104,0.4546411522258171,3.0168501256151328
6013013013.0,-0.44945012882808416,0.06398860660605526,0.45398233454504144,3.0001721771735452
6014114114.0,-0.4471860296728981,0.07073407417951424,0.4527456840044344,2.9847164176059215
6015215215.0,-0.44418779661813923,0.07703517142429928,0.4508183850519504,2.969871434974546
6016316316.0,-0.4409171332800302,0.08263027474892676,0.44859300119926415,2.9563360418922664
6017417417.0,-0.4372409101372787,0.08730434215797059,0.44587179957619194,2.9445134326492077
6018518519.0,-0.4331249356480933,0.091392156854222,0.44266210162451414,2.933636710594149
6019619620.0,-0.42943809831501367,0.09449749354394771,0.4397122429163234,2.9249954569590844
6020720721.0,-0.42556898764201473,0.09710360301710641,0.4365066700080918,2.9172596048971817
6021821822.0,-0.42183701691771136,0.09923221952019493,0.43335147655562184,2.9105548837856254
6022922923.0,-0.41834598290966757,0.1006711247540128,0.4302883181959439,2.905441832077997
6024024024.0,-0.4151122180955222,0.10152097031477064,0.42734606705319855,2.9017379475277565
6025125125.0,-0.4123407116216715,0.10209975955780284,0.4247931536200032,2.898864490543447
6026226226.0,-0.4097673747194663,0.1022012072203461,0.42232024358510173,2.8971667739771
6027327327.0,-0.40766360863663265,0.10215567270692907,0.4202682468053551,2.8960605067954845
6028428428.0,-0.4061018722236105,0.10169969819188512,0.4186425196224605,2.8962102377230794
6029529530.0,-0.4047956239399349,0.10124357874624013,0.41726461555979955,2.896510126049903
6030630631.0,-0.404006872425843,0.10071828180127826,0.4163720995171423,2.8972743940443606
6031731732.0,-0.4036053125748055,0.10016860417836113,0.4158497295918895,2.898323374779545
6032832833.0,-0.40366176479584626,0.09966958823318814,0.4157846163299821,2.899520920074554
6033933934.0,-0.40401586909148857,0.09927220277118326,0.41603340337140443,2.900652278965873
6035035035.0,-0.40484711334635,0.09907545821071967,0.4167938718413892,2.9015865767440494
6036136136.0,-0.4059594483009949,0.09918319010357608,0.4178999627470314,2.901968887347177
6037237237.0,-0.40721580478587005,0.09937732328753948,0.4191665111279764,2.9022303438224966
6038338338.0,-0.4088785282700342,0.10011990566811105,0.42095801024717494,2.9014530521251554
6039439439.0,-0.4106398061503597,0.10113509173902116,0.42291057822696426,2.9001119741747186
6040540541.0,-0.41250473962604967,0.10237410583051094,0.42501837343643356,2.8983306791499834
6041641642.0,-0.4143334326369852,0.10406838260005456,0.4272030215924724,2.895512540110292
6042742743.0,-0.41612926509423154,0.10624880989630439,0.42947919026682335,2.8916071736075897
6043843844.0,-0.4178737683632522,0.10877046476000393,0.4317979855096735,2.8869482667781865
6044944945.0,-0.41928669315388906,0.11171315462588888,0.4339137702037022,2.881205437062114
6046046046.0,-0.4205255137734839,0.11472603065702772,0.4358942186411399,2.8752581498497904
6047147147.0,-0.421601800494111,0.11805082919799548,0.4378174008124968,2.8685788366159297
6048248248.0,-0.4221541097382433,0.12161183144350457,0.4393216702098044,2.8611122784946827
6049349349.0,-0.4222343562633072,0.12538318296567505,0.4404574828285851,2.85293486417903
6050450450.0,-0.4219941903974984,0.12900793539054126,0.4412733213360742,2.84490539626847
6051551552.0,-0.42124702119657775,0.13259694753877196,0.4416231463177512,2.836638872211033
6052652653.0,-0.42022492479005763,0.13590103068634213,0.4416537983040785,2.828807954934629
6053753754.0,-0.41884803643274104,0.1390392065447975,0.44132253350601713,2.821082022236024
6054854855.0,-0.41723048218022407,0.141922516602895,0.44070769902424134,2.8137163275883457
6055955956.0,-0.4153924698643102,0.14445630868305498,0.4397937347647257,2.8069160103560313
6057057057.0,-0.41343767632010436,0.1465834118510616,0.43865408789941235,2.8008721154932097
6058158158.0,-0.41141349562140905,0.1483629643058962,0.4373472688345725,2.7954904020790985
6059259259.0,-0.409437106431518,0.14978445374980312,0.43597491522809095,2.79088540509916
6060360360.0,-0.4075150497452218,0.15070371436994337,0.43448834885845683,2.7873786272184677
6061461461.0,-0.4058215358737908,0.15141515005750852,0.4331485503218269,2.784481995228645
6062562563.0,-0.4043627232765102,0.1518972880027804,0.43195138392901944,2.7822556424626157
6063663664.0,-0.4031583246813635,0.15196227109006732,0.43084703387018325,2.781131429285328
6064764765.0,-0.40211516155943083,0.15196014773787048,0.4298703172544978,2.7802801425691177
6065865866.0,-0.40151196819317503,0.1518500613545539,0.4292671682480958,2.7800233054603343
6066966967.0,-0.401263338827515,0.1516328097217273,0.42895777889101244,2.7802919891845153
6068068068.0,-0.40129995427267584,0.15140799073377648,0.4289126169248126,2.780812485501457
6069169169.0,-0.4017438607619884,0.1512706147965186,0.4292795459381505,2.781476930906178
6070270270.0,-0.402492889984839,0.15101255078842046,0.42988988937165407,2.7826527103538936
6071371371.0,-0.4036584348295862,0.15096085518038066,0.43096323718603097,2.7837150653859406
6072472472.0,-0.4050060281617309,0.15122129878250606,0.43231674042628604,2.7842426924924464
6073573574.0,-0.40639197811335415,0.15161568035309578,0.4337531030480555,2.78450857654284
6074674675.0,-0.4084385409594028,0.1523546079087583,0.43592885691598493,2.784561445681731
6075775776.0,-0.41053283434451027,0.1533826525017759,0.438250437721878,2.78403373097304
6076876877.0,-0.4126321373253818,0.15456602096591907,0.4406312921150172,2.7831854184245217
6077977978.0,-0.4150292763871756,0.15624964365764882,0.44346730589932426,2.781526301293637
6079079079.0,-0.41755517195209596,0.1583228409011337,0.4465629223020538,2.779174367466583
6080180180.0,-0.4199737876172886,0.16082396136439805,0.44971360757102824,2.775880786063494
6081281281.0,-0.4223710161230247,0.1637699314810551,0.4530097854551332,2.771700138987792
6082382382.0,-0.42464292589398406,0.16708935839684214,0.4563337245933857,2.76671781834107
6083483483.0,-0.4267414706076942,0.1709178236390542,0.4596968405089689,2.7606394343477954
6084584585.0,-0.4285631829420884,0.17509355266315602,0.46295156761551126,2.753729259109494
6085685686.0,-0.4301279865481982,0.17969096636997256,0.4661533312194407,2.7458689149525646
6086786787.0,-0.43119700544885664,0.18450274183351775,0.4690118540635695,2.737280903326755
6087887888.0,-0.43188142283083153,0.18976896978958474,0.4717349099667989,2.727588042092373
6088988989.0,-0.4320712248930471,0.19514401224686162,0.4740956959268681,2.717369272310376
6090090090.0,-0.4316600643940698,0.20077242671896686,0.47606719958774235,2.706238799922552
6091191191.0,-0.4307607396420122,0.20629880178100599,0.4776128248207038,2.6949529484707955
6092292292.0,-0.4292018235192995,0.2118661482934287,0.4786454534464785,2.683055418947204
6093393393.0,-0.4269050906671388,0.21740183462341786,0.47907359991461224,2.670571681219092
6094494494.0,-0.4242449366371391,0.22258895486500363,0.47909248490259665,2.6584037111587264
6095595596.0,-0.42104834127399626,0.22748031231404678,0.47856974223208043,2.6462494055559604
6096696697.0,-0.4170508746936625,0.23167789295942592,0.4770807878848908,2.6345253669497413
6097797798.0,-0.41304273123512336,0.23549694458419868,0.4754609434376955,2.62340976276182
6098898899.0,-0.40856071463119387,0.23878068248696108,0.4732209545961492,2.6126902425695286
6100000000.0,-0.4038599169385509,0.2415267240029375,0.47057198271593303,2.602611309663612
