Frequenze (Hz),Parte Reale,Parte Immaginaria,Ampiezza,Fase
1000000000.0,-4.451e-07,-4.9677e-06,4.98760035488009e-06,-1.6601565185949645
1009009009.0,1.78097e-05,-7.2195e-06,1.9217351387222954e-05,-0.38512622587315226
1018018018.0,1.6123e-06,-1.571e-07,1.6199357086008075e-06,-0.09713181847882736
1027027027.0,4.3989e-06,-1.94006e-05,1.9893054103631247e-05,-1.3478259557848784
1036036036.0,-4.0411e-06,2.05446e-05,2.0938268275337385e-05,1.7650157360498997
1045045045.0,-1.0733e-06,1.44976e-05,1.4537275489238003e-05,1.6446944580898115
1054054054.0,3.79771e-05,-5.5852e-06,3.838560385678464e-05,-0.14602082385028287
1063063063.0,-4.261e-07,-7.9573e-06,7.968700301805808e-06,-1.6242935469272446
1072072072.0,-7.6245e-06,-1.78138e-05,1.9376905601514397e-05,-1.9752144399255114
1081081081.0,-3.49147e-05,1.19455e-05,3.6901642867764025e-05,-3.471242633695286
1090090090.0,-4.5055e-06,7.6094e-06,8.843217661575451e-06,-4.17780105848498
1099099099.0,3.02545e-05,2.40373e-05,3.8640995866307586e-05,-5.611805011454269
1108108108.0,1.52134e-05,-1.40797e-05,2.0728856496439932e-05,-7.029900829471922
1117117117.0,-3.6637e-06,-2.05414e-05,2.0865565212809357e-05,-8.030482563111086
1126126126.0,-3.10356e-05,9.3069e-06,3.240103169607413e-05,-9.71612301240524
1135135135.0,1.4616e-06,3.1662e-06,3.4872764444477295e-06,-11.4280541637872
1144144144.0,3.4477e-06,2.72799e-05,2.749690126723373e-05,-11.121290209679325
1153153153.0,1.20065e-05,1.12366e-05,1.6444367479778602e-05,-11.81408415338251
1162162162.0,1.33488e-05,-1.30361e-05,1.865825191838721e-05,-13.339917856931343
1171171171.0,-1.97594e-05,-3.128e-06,2.0005456064783926e-05,-15.550961715925617
1180180180.0,-2.04877e-05,-5.7611e-06,2.1282296034497782e-05,-15.43384401768634
1189189189.0,-6.9167e-06,1.0325e-06,6.993339341115945e-06,-15.856145452554566
1198198198.0,8.3448e-06,1.53262e-05,1.745073332212718e-05,-17.77735445405955
1207207207.0,-6.5786e-06,2.32301e-05,2.4143643552082192e-05,-17.00279255310735
1216216216.0,3.749e-07,1.68818e-05,1.6885962254192094e-05,-17.30096329274306
1225225225.0,9.7728e-06,9.2487e-06,1.3455336173057886e-05,-18.091703820936246
1234234234.0,1.821e-07,6.4226e-06,6.4251810223526e-06,-17.307105004271065
1243243243.0,-2.99044e-05,-2.25828e-05,3.7473403837922174e-05,-15.061163813890758
1252252252.0,1.81505e-05,-8.6775e-06,2.0118142471411218e-05,-13.012333839249212
1261261261.0,-9.4237e-06,2.743e-06,9.814793461403047e-06,-15.991211670282574
1270270270.0,5.2279e-06,1.13202e-05,1.2469076407256473e-05,-17.711399824239525
1279279279.0,1.29235e-05,-2.9495e-06,1.3255806369285876e-05,-19.07394035334941
1288288288.0,-6.6065e-06,-2.54606e-05,2.6303763886752026e-05,-20.674232564687216
1297297297.0,-2.62471e-05,-1.80229e-05,3.1839208263083426e-05,-21.38943013360873
1306306306.0,-1.4771e-06,1.44917e-05,1.4566783903799768e-05,-23.460368387973922
1315315315.0,-1.0028e-05,4.1331e-06,1.0846349598367185e-05,-22.382090109407656
1324324324.0,1.21946e-05,1.5778e-05,1.9941252547420386e-05,-24.219933069858904
1333333333.0,-4.5818e-06,1.48434e-05,1.5534458947771562e-05,-23.262547685083117
1342342342.0,2.1876e-06,-2.21548e-05,2.2262541562005e-05,-20.321929708913874
1351351351.0,4.9468e-06,-1.33792e-05,1.4264425080598236e-05,-20.06620271129062
1360360360.0,-2.59934e-05,-1.1239e-06,2.601768619170429e-05,-21.947937590739958
1369369369.0,3.2578e-06,-1.42912e-05,1.465781901511954e-05,-20.196223687808487
1378378378.0,2.13903e-05,3.7758e-06,2.1720994446157388e-05,-18.674836517810082
1387387387.0,1.01785e-05,-1.02053e-05,1.4413535664090196e-05,-19.636268853750543
1396396396.0,-6.8423e-06,-1.36088e-05,1.5232088062048485e-05,-20.886225344633583
1405405405.0,-1.78758e-05,-4.118e-06,1.834399492040924e-05,-21.764731357476087
1414414414.0,-1.11554e-05,-6.7398e-06,1.3033336226768648e-05,-21.447665781441184
1423423423.0,-1.42309e-05,-5.2029e-06,1.5152184107250016e-05,-21.64063921754453
1432432432.0,1.09168e-05,1.03259e-05,1.5026667396665171e-05,-24.375152508799868
1441441441.0,7.1723e-06,5.3982e-06,8.976772834933499e-06,-24.48754908824654
1450450450.0,-6.2159e-06,-1.0004e-06,6.2958885766824055e-06,-21.831574863849056
1459459459.0,1.60945e-05,4.309e-07,1.6100267235670345e-05,-18.822789194527644
1468468468.0,-8.2559e-06,8.1303e-06,1.1587133506609821e-05,-16.48569659506127
1477477477.0,-1.90805e-05,-5.785e-06,1.9938197141416772e-05,-15.413583249668543
1486486486.0,-2.2679e-06,-4.0695e-06,4.6587767342941e-06,-14.645591411620135
1495495495.0,-4.538e-06,-3.5518e-06,5.762701383899742e-06,-15.043873137691481
1504504505.0,7.2821e-06,1.86946e-05,2.0062827556702966e-05,-17.6502073029041
1513513514.0,1.4183e-06,-1.25612e-05,1.2641017377173405e-05,-20.30791725669057
1522522523.0,4.4716e-06,-2.92223e-05,2.956244279233365e-05,-20.268509949823127
1531531532.0,-2.15486e-05,-1.45093e-05,2.5978105174357885e-05,-21.398547672073693
1540540541.0,9.268e-06,9.279e-06,1.3114711777237043e-05,-24.346749977559522
1549549550.0,1.38721e-05,1.63319e-05,2.142816175083621e-05,-24.266082854310746
1558558559.0,4.8207e-06,-1.152e-07,4.822076267542852e-06,-25.156633625808976
1567567568.0,2.6506e-06,-3.17371e-05,3.1847593264954885e-05,-26.620213531533675
1576576577.0,-6.1109e-06,-2.47686e-05,2.5511304254584868e-05,-26.9454264431128
1585585586.0,-4.2636e-06,-2.16864e-05,2.2101543609440496e-05,-26.897664144012538
1594594595.0,-3.07999e-05,1.63567e-05,3.487370750149746e-05,-28.762522303794224
1603603604.0,3.23328e-05,1.76718e-05,3.68470144120253e-05,-30.915728596857377
1612612613.0,1.68064e-05,-1.4851e-06,1.6871887949189323e-05,-31.50406275730094
1621621622.0,9.5857e-06,2.9167e-06,1.0019619921933167e-05,-31.12055128940205
1630630631.0,3.75949e-05,-1.60102e-05,4.0861999584577356e-05,-31.81852619351764
1639639640.0,-5.6776e-06,-3.57889e-05,3.623645270952994e-05,-33.14405312412046
1648648649.0,-7.4497e-06,-1.611e-07,7.451441692719604e-06,-34.535897527586144
1657657658.0,-2.516e-07,3.1728e-06,3.1827601857507267e-06,-36.0491820698097
1666666667.0,-4.6681e-06,9.8341e-06,1.0885801781219425e-05,-35.68512420292437
1675675676.0,5.203e-06,6.4169e-06,8.261223554050574e-06,-36.80962390635949
1684684685.0,1.90721e-05,2.40866e-05,3.072310690620335e-05,-36.798044844386204
1693693694.0,1.43783e-05,-2.07684e-05,2.5259888151969317e-05,-38.66435774754154
1702702703.0,-6.2812e-06,-3.12677e-05,3.189235859465398e-05,-39.46815417998544
1711711712.0,-4.20689e-05,7.3589e-06,4.270767795631132e-05,-41.01387733701787
1720720721.0,-1.11941e-05,2.87833e-05,3.0883429759338585e-05,-42.040591595417936
1729729730.0,-1.72937e-05,1.76185e-05,2.4687721683865445e-05,-41.635405729759
1738738739.0,2.33154e-05,9.7656e-06,2.5277951272205585e-05,-43.5856491360643
1747747748.0,4.11569e-05,-1.75698e-05,4.475028815158624e-05,-44.38577435677056
1756756757.0,7.5506e-06,-1.76936e-05,1.9237334569009293e-05,-45.14974837330978
1765765766.0,-2.79513e-05,1.39799e-05,3.125240431870802e-05,-47.58765904558778
1774774775.0,-3.24983e-05,4.68918e-05,5.705243561961224e-05,-48.088640734381585
1783783784.0,3.67225e-05,5.94076e-05,6.984128395161417e-05,-49.248340681268836
1792792793.0,4.56858e-05,3.0871e-06,4.578998261683444e-05,-50.19801260396658
1801801802.0,6.1058e-06,-2.89306e-05,2.9567894919997265e-05,-51.62828125546247
1810810811.0,1.1996e-06,1.99249e-05,1.9960978938168336e-05,-48.754819617832986
1819819820.0,-1.89975e-05,3.957e-07,1.9001620581939844e-05,-47.144715848859676
1828828829.0,-2.00315e-05,3.46721e-05,4.004267112294084e-05,-48.17079422085072
1837837838.0,1.43526e-05,3.90115e-05,4.156794749575687e-05,-49.04722373719753
1846846847.0,3.45192e-05,-9.685e-06,3.585211839822021e-05,-50.539018248116605
1855855856.0,8.5354e-06,-1.09882e-05,1.39137914459e-05,-51.17585840276596
1864864865.0,-4.4305e-06,-1.26322e-05,1.3386627920802162e-05,-52.173604388363785
1873873874.0,-2.37409e-05,-1.49695e-05,2.8066283385229334e-05,-52.8445045156768
1882882883.0,-2.75574e-05,-1.14539e-05,2.9842957627721824e-05,-53.013160889469646
1891891892.0,-9.1361e-06,4.62012e-05,4.709585124668626e-05,-54.78264417409273
1900900901.0,1.31788e-05,3.91513e-05,4.130986638964111e-05,-55.30256994387514
1909909910.0,3.41008e-05,-5.8397e-06,3.459720590929273e-05,-56.718270793654554
1918918919.0,2.58152e-05,-4.27893e-05,4.997348042242005e-05,-57.57661453690719
1927927928.0,-3.5331e-05,-5.41367e-05,6.464566379804603e-05,-58.69768291029418
1936936937.0,-8.08336e-05,8.6157e-06,8.129145819488048e-05,-59.79644515317447
1945945946.0,-3.91038e-05,2.88201e-05,4.8576798355284805e-05,-60.32539941282734
1954954955.0,1.3968e-06,7.26443e-05,7.26577275499998e-05,-61.28028231258916
1963963964.0,7.60739e-05,5.30958e-05,9.277069709153855e-05,-62.22250408179339
1972972973.0,6.12838e-05,-4.91497e-05,7.855824051320143e-05,-63.50781325456339
1981981982.0,-2.15257e-05,-7.77433e-05,8.066831134578186e-05,-64.67276420305163
1990990991.0,-8.20166e-05,-7.552e-06,8.236355613716542e-05,-65.88162572013891
2000000000.0,-7.05125e-05,7.41745e-05,0.00010234192252689022,-66.78414829317356
2009009009.0,3.99394e-05,5.08933e-05,6.469376830305991e-05,-68.20962553098455
2018018018.0,6.43618e-05,4.61994e-05,7.922642147415217e-05,-68.49246060507572
2027027027.0,5.54658e-05,-7.46424e-05,9.299431621018566e-05,-70.04677259252547
2036036036.0,-4.06984e-05,-8.55863e-05,9.477011401412368e-05,-71.12971106674388
2045045045.0,-9.39012e-05,2.973e-06,9.394825219470556e-05,-72.28828139703168
2054054054.0,-5.12217e-05,5.29594e-05,7.367740901558631e-05,-73.0587072582865
2063063063.0,1.85133e-05,5.51904e-05,5.821273511054089e-05,-74.15107649609295
2072072072.0,4.7848e-05,1.81238e-05,5.116544957722936e-05,-75.03614436472289
2081081081.0,2.45499e-05,-2.82729e-05,3.7444017738752344e-05,-76.25398641874827
2090090090.0,-3.0273e-06,-5.99834e-05,6.005974376277341e-05,-77.01944619129226
2099099099.0,-7.71828e-05,-7.51883e-05,0.0001077518680707207,-77.76750718140207
2108108108.0,-9.65674e-05,1.8889e-05,9.839744439648826e-05,-78.73298172746824
2117117117.0,-1.02348e-05,9.27917e-05,9.335443599492205e-05,-80.00075806173524
2126126126.0,4.98103e-05,5.3242e-05,7.2909372169084e-05,-80.86272256426153
2135135135.0,6.78426e-05,-4.00897e-05,7.880229959112869e-05,-82.21512691828465
2144144144.0,4.11704e-05,-8.40006e-05,9.354732832379554e-05,-82.79649265623756
2153153153.0,-8.93079e-05,-5.95993e-05,0.00010736841976531088,-84.23452864943012
2162162162.0,-0.0001051286,-1.23058e-05,0.00010584637571310603,-84.70647718382624
2171171171.0,-6.71978e-05,7.46505e-05,0.00010044023832652928,-85.66089147745913
2180180180.0,6.40632e-05,7.89235e-05,0.00010165142619014255,-87.07564005776753
2189189189.0,0.0001019634,-2.8182e-05,0.00010578638883882935,-88.23425538384097
2198198198.0,2.6985e-05,-9.96387e-05,0.00010322819751739348,-89.27090674464657
2207207207.0,-5.85541e-05,-8.59941e-05,0.00010403637758793796,-90.13318815368439
2216216216.0,-7.65979e-05,-1.2409e-05,7.759653062740627e-05,-90.9455804411131
2225225225.0,-7.17401e-05,8.59563e-05,0.00011196038342958637,-91.98149126384345
2234234234.0,4.91528e-05,0.0001012524,0.00011255241558314064,-93.12892186410934
2243243243.0,0.000125883,4.71061e-05,0.00013440801444188514,-93.88970574359179
2252252252.0,7.29232e-05,-0.0001273875,0.00014678340592345579,-95.29865882503098
2261261261.0,-5.4738e-05,-0.0001259891,0.00013736630577696263,-96.22843710215294
2270270270.0,-9.56543e-05,1.1057e-06,9.566069036432886e-05,-97.4009310804557
2279279279.0,-7.60402e-05,8.23107e-05,0.00011205874954919852,-98.21434851087392
2288288288.0,2.53188e-05,0.0001071848,0.00011013456761834588,-99.19213290864609
2297297297.0,0.000108943,3.61143e-05,0.00011477290583360691,-100.21086778527658
2306306306.0,0.0001249326,-6.77303e-05,0.00014211104137557364,-101.02774947407724
2315315315.0,-7.7619e-06,-0.0001441143,0.00014432317400923526,-102.15556858573107
2324324324.0,-0.0001358171,-6.8112e-05,0.0001519392286291134,-103.20771230131214
2333333333.0,-0.0001167669,7.03835e-05,0.00013633908466709023,-104.21501081499429
2342342342.0,1.56161e-05,0.0001003915,0.00010159879847448985,-105.39766921316793
2351351351.0,9.54122e-05,3.53014e-05,0.00010173336105132868,-106.45978057269832
2360360360.0,0.0001110507,-3.88554e-05,0.00011765202964526367,-107.1507260042071
2369369369.0,3.69893e-05,-0.0001505004,0.00015497928479203278,-108.14394789008655
2378378378.0,-9.34485e-05,-0.0001130659,0.00014668510454391746,-109.07563601114465
2387387387.0,-0.0001286087,4.14081e-05,0.00013511043061621852,-110.26723150321794
2396396396.0,-2.1005e-05,0.0001330839,0.0001347313418036427,-111.36999778982117
2405405405.0,8.04851e-05,0.00011507,0.00014042420098405402,-112.13689237552336
2414414414.0,0.0001449921,-2.6172e-06,0.00014501571914192612,-113.11538420778365
2423423423.0,5.80326e-05,-0.0001295252,0.00014193153313411366,-114.24690823050581
2432432432.0,-6.92225e-05,-0.0001554052,0.00017012504428593104,-115.08718081666633
2441441441.0,-0.0001611666,-7.4918e-06,0.00016134063351431346,-116.19247680396334
2450450450.0,-8.28159e-05,0.000192851,0.00020988087453079185,-117.40410806342771
2459459459.0,0.0001080718,0.0001368267,0.00017435899686603498,-118.47824225093838
2468468468.0,0.0001929308,-2.75417e-05,0.00019488673332869534,-119.52231709694956
2477477477.0,8.38061e-05,-0.0001456933,0.00016807736332445248,-120.42931550049009
2486486486.0,-8.3308e-05,-0.0001494629,0.00017111218933907075,-121.45981062127869
2495495495.0,-0.0001517811,1.46309e-05,0.0001524846403806626,-122.6182113208247
2504504505.0,-0.0001233371,0.0001394673,0.00018618047160134707,-123.36881196129634
2513513514.0,7.28965e-05,0.0001458449,0.0001630479517450618,-124.55641507267129
2522522523.0,0.0001827218,3.21187e-05,0.00018552322519008234,-125.48970448782174
2531531532.0,8.71967e-05,-0.0001155461,0.00014475553777351663,-126.58803290430549
2540540541.0,-5.64438e-05,-0.0001618221,0.00017138347238532074,-127.57010923342821
2549549550.0,-0.0001327041,-2.42112e-05,0.00013489462688428327,-128.62483860092618
2558558559.0,-0.0001018228,7.70425e-05,0.00012768488323247197,-129.4530315863345
2567567568.0,1.31424e-05,0.0001355727,0.00013620822171605501,-130.47273303642953
2576576577.0,0.0001409458,9.2836e-05,0.00016877275086233558,-131.36444926277088
2585585586.0,0.0001514576,-6.06879e-05,0.00016316380053237912,-132.32799452930445
2594594595.0,1.0369e-05,-0.0001453452,0.0001457145954393039,-133.44646793249632
2603603604.0,-0.0001285903,-7.49018e-05,0.0001488144646777658,-134.56104354499027
2612612613.0,-0.0001440688,7.6961e-05,0.00016333650741472342,-135.57911294222563
2621621622.0,-2.2787e-05,0.0001460847,0.00014785123247064934,-136.5045425306933
2630630631.0,8.88096e-05,0.00013406,0.00016080804909008754,-137.24436617106585
2639639640.0,0.0001744129,-8.7934e-06,0.00017463442836385384,-138.2804512470469
2648648649.0,9.29046e-05,-0.0001758238,0.00019885993399274777,-139.31476754796284
2657657658.0,-0.0001248911,-0.0001596467,0.00020269399517523946,-140.46472578192336
2666666667.0,-0.0001948882,4.88687e-05,0.0002009217766667665,-141.61735616819485
2675675676.0,-5.26871e-05,0.0001624106,0.00017074288711032738,-142.62877047877583
2684684685.0,9.59507e-05,0.0001724641,0.0001973585635823792,-143.45017243277607
2693693694.0,0.0001712311,5.5523e-06,0.0001713210951473869,-144.480847653997
2702702703.0,0.0001439836,-0.0001429992,0.00020292867779000582,-145.29523007125312
2711711712.0,-7.29152e-05,-0.0001935199,0.00020680081742355372,-146.44439218984758
2720720721.0,-0.0002491769,-4.15127e-05,0.0002526112265021094,-147.48977157670674
2729729730.0,-0.0001429698,0.0001962745,0.0002428251285643436,-148.59610635893083
2738738739.0,9.22014e-05,0.0002100488,0.00022939397669380948,-149.63927980098546
2747747748.0,0.0001901615,2.8762e-05,0.00019232433212219927,-150.64633477961308
2756756757.0,0.000110157,-0.0001102719,0.00015586679113464163,-151.5823667921744
2765765766.0,-1.55497e-05,-0.0002086066,0.0002091853406279943,-152.44164688617735
2774774775.0,-0.0001988727,-0.0001049074,0.00022484642176394536,-153.45262715051643
2783783784.0,-0.0001813097,0.000124638,0.0002200178137290024,-154.54028085957088
2792792793.0,8.3625e-06,0.0002486559,0.000248796479096992,-155.54245449482343
2801801802.0,0.0001769794,8.21693e-05,0.0001951243241803799,-156.64496110303378
2810810811.0,0.0001543381,-0.0001113282,0.00019030033427939636,-157.70452896417038
2819819820.0,1.0572e-06,-0.0001767312,0.00017673436203885197,-158.64444711180298
2828828829.0,-0.0001406038,-0.0001254507,0.00018843382579815653,-159.49272057680068
2837837838.0,-0.0002051681,3.31165e-05,0.00020782360748928402,-160.38125660278723
2846846847.0,-0.0001071896,0.0002015998,0.000228324527171743,-161.30334074214704
2855855856.0,0.000141224,0.0002110148,0.0002539123155639364,-162.38181826874418
2864864865.0,0.0002562622,-3.18229e-05,0.00025823054062842763,-163.48636651447734
2873873874.0,8.74893e-05,-0.0002567164,0.0002712152054060576,-164.60515765412802
2882882883.0,-0.0001757247,-0.0001917959,0.0002601246575142388,-165.675311612323
2891891892.0,-0.0002541285,-8.2673e-06,0.0002542629402047023,-166.4718901423885
2900900901.0,-0.0001488181,0.000194634,0.00024500861381512694,-167.42242409213276
2909909910.0,8.51287e-05,0.0002612568,0.00027477629284552557,-168.39020114355836
2918918919.0,0.0002934386,4.4961e-05,0.0002968631056412366,-169.4939645747789
2927927928.0,0.0001772338,-0.0002713758,0.0003241244277867375,-170.63825270590638
2936936937.0,-0.0001793028,-0.0002865967,0.00033806384387971745,-171.77585010254333
2945945946.0,-0.0002864324,-1.81919e-05,0.0002870095207399399,-172.7241691202194
2954954955.0,-0.0001711448,0.0002152678,0.0002750104875888918,-173.68668792028814
2963963964.0,8.15541e-05,0.0002364063,0.00025007800764261537,-174.6905828664733
2972972973.0,0.0002553854,8.00716e-05,0.00026764372523883315,-175.62536345051518
2981981982.0,0.0002000906,-0.0001743565,0.0002653986384678904,-176.64596906488586
2990990991.0,-5.59961e-05,-0.0003061293,0.000311208469572568,-177.68090139341288
3000000000.0,-0.0002671336,-9.52416e-05,0.00028360416537759103,-178.72829942930062
3009009009.0,-0.0001908872,0.0001413735,0.00023753818561673406,-179.70824742339596
3018018018.0,1.45066e-05,0.0002425455,0.00024297893121381944,-180.70131622549508
3027027027.0,0.0002177632,0.0001459195,0.0002621322409672073,-181.62200961985903
3036036036.0,0.0002480311,-8.46067e-05,0.00026206434372516227,-182.54110998913623
3045045045.0,7.7971e-05,-0.0002775209,0.00028826606941818525,-183.50927579459108
3054054054.0,-0.0002184948,-0.0002412873,0.0003255142681486174,-184.51903655013206
3063063063.0,-0.0003294645,8.22409e-05,0.00033957388355564095,-185.598587464499
3072072072.0,-7.26716e-05,0.0003321681,0.00034002471690183057,-186.70937695243165
3081081081.0,0.0002345738,0.0002059435,0.0003121499524886877,-187.77506222662197
3090090090.0,0.0003056561,-6.01541e-05,0.000311519128167148,-188.68987905238822
3099099099.0,0.0001049057,-0.0002845488,0.0003032708780511739,-189.71314259258855
3108108108.0,-0.0001725039,-0.0002580874,0.0003104298657570982,-190.65555258439485
3117117117.0,-0.0002920031,-2.04306e-05,0.0002927169619717484,-191.56729864140735
3126126126.0,-0.0002001055,0.0002722012,0.0003378397614427437,-192.57402668615222
3135135135.0,0.0001514026,0.0003346494,0.0003673050070542464,-193.6328140583465
3144144144.0,0.0003374322,3.32315e-05,0.0003390646283366786,-194.68057759151745
3153153153.0,0.0001777874,-0.0002556023,0.0003113533288147888,-195.7417992192641
3162162162.0,-0.0001023698,-0.000299717,0.0003167173125060264,-196.67867244442633
3171171171.0,-0.00031111,-0.000103214,0.0003277843222242333,-197.6000028655654
3180180180.0,-0.0002809325,0.0002353763,0.00036650385012703486,-198.61772884782275
3189189189.0,3.64702e-05,0.000428668,0.0004302166078989048,-199.5760070801602
3198198198.0,0.0003909177,0.0001548097,0.0004204553381601665,-200.6848625667283
3207207207.0,0.0002979766,-0.0002958049,0.000419869733383546,-201.84367060348714
3216216216.0,-9.45056e-05,-0.0003439103,0.00035665894476018684,-202.90090384994676
3225225225.0,-0.0003107395,-0.0001416866,0.0003415173926461286,-203.7757184439011
3234234234.0,-0.0002812654,0.0001948479,0.000342163600301917,-204.8093691941494
3243243243.0,-3.27702e-05,0.0003516456,0.00035316924272563714,-205.68139620182933
3252252252.0,0.0002898834,0.0002516571,0.0003838797748983007,-206.63018815598178
3261261261.0,0.0004124346,-0.0001433629,0.00043664083681393105,-207.67965164317917
3270270270.0,2.4932e-05,-0.0004452844,0.0004459818398851684,-208.85997868266153
3279279279.0,-0.0003299892,-0.0001995845,0.0003856511957156233,-209.9427507491839
3288288288.0,-0.0003030553,0.0001557228,0.00034072291572174887,-210.9613682545548
3297297297.0,-7.23604e-05,0.0003321895,0.000339979251423392,-211.84302583404968
3306306306.0,0.0002042144,0.000288126,0.0003531573488451854,-212.67409023307368
3315315315.0,0.0003829827,7.2826e-06,0.0003830519348104771,-213.60928725520156
3324324324.0,0.0002145197,-0.0003709644,0.00042852454743625833,-214.67480419645767
3333333333.0,-0.0002201464,-0.0003928426,0.00045032182470730863,-215.70988452438945
3342342342.0,-0.000440378,7.726e-06,0.00044044576733123455,-216.787435317057
3351351351.0,-0.0002257476,0.0003349285,0.0004039047895457666,-217.7476151773548
3360360360.0,0.0001158505,0.0003906773,0.0004074924429796705,-218.62896666498392
3369369369.0,0.0003992297,0.0001160342,0.00041575027231708457,-219.62863327479275
3378378378.0,0.0003290132,-0.0002873381,0.0004368213244403826,-220.62937085484447
3387387387.0,-6.89821e-05,-0.0004979838,0.0005027388936444543,-221.61992890284625
3396396396.0,-0.000527617,-0.000209411,0.000567655410975708,-222.6752476016301
3405405405.0,-0.0004179727,0.000385185,0.00056839129318656,-223.7976757342677
3414414414.0,0.00014532,0.0005047063,0.0005252107687963853,-224.9042215246893
3423423423.0,0.0004654315,0.0001522161,0.0004896899246374791,-225.87859247416102
3432432432.0,0.0003586948,-0.0002780067,0.00045381679650705964,-226.85401287808304
3441441441.0,-2.2016e-05,-0.0004748658,0.0004753758852378189,-227.8117967817679
3450450450.0,-0.0004132522,-0.0002585097,0.0004874470697408386,-228.77726936054893
3459459459.0,-0.0004797507,0.0001915893,0.0005165919027868903,-229.7162111611339
3468468468.0,-0.0001232913,0.0005652693,0.0005785586626939225,-230.6923124968154
3477477477.0,0.0004665113,0.0003743089,0.0005981136561280807,-231.8016794978993
3486486486.0,0.000519683,-0.000246811,0.0005753139058027365,-232.92124437249882
3495495495.0,6.66235e-05,-0.0005283269,0.0005325110365202396,-233.9232120144511
3504504505.0,-0.0004024763,-0.000351875,0.0005346056375373253,-234.90102974042975
3513513514.0,-0.0005070628,9.63479e-05,0.0005161352545392051,-235.80722232538525
3522522523.0,-0.0002759019,0.000488923,0.0005613978610153498,-236.67648546570913
3531531532.0,0.0003140788,0.0005123528,0.0006009583049407672,-237.74017814268527
3540540541.0,0.0006627499,-1.4953e-06,0.0006627515868499298,-238.7632978745421
3549549550.0,0.0002543546,-0.0006382141,0.0006870323864127296,-239.95258985892127
3558558559.0,-0.0003888262,-0.0005137188,0.0006442769740413512,-240.9797311466376
3567567568.0,-0.0005985014,8.261e-07,0.000598501970124719,-241.9040146063524
3576576577.0,-0.0003359353,0.000471351,0.0005788128289759048,-242.85422711188735
3585585586.0,0.0001829247,0.000606645,0.0006336241803270216,-243.7662951088197
3594594595.0,0.0006627016,0.0001813007,0.000687054113198553,-244.77718310039145
3603603604.0,0.000564088,-0.0005566325,0.0007924866003916092,-245.82297282462733
3612612613.0,-0.0002918067,-0.0007882673,0.0008405453505993476,-246.9695681367663
3621621622.0,-0.0007651979,-7.73398e-05,0.0007690963989178795,-248.08509007300253
3630630631.0,-0.0004236324,0.0005428875,0.0006886154572662525,-249.09398338496558
3639639640.0,0.0001922548,0.000611329,0.0006408471380633918,-250.06130969169783
3648648649.0,0.0006438843,0.0002567259,0.0006931775959429878,-250.94801473374972
3657657658.0,0.0006294453,-0.0004014376,0.0007465611377414779,-251.89513765584178
3666666667.0,-3.18146e-05,-0.0007860166,0.000786660196176672,-252.9386622675811
3675675676.0,-0.0007425692,-0.0004206344,0.0008534297365641766,-253.95361375654167
3684684685.0,-0.0007256693,0.0005070835,0.0008852850438896728,-255.07891192767283
3693693694.0,9.27636e-05,0.0008242502,0.0008294537224492997,-256.1518727040451
3702702703.0,0.0007092496,0.0003558421,0.0007935102993865739,-257.14557787139984
3711711712.0,0.0006594834,-0.0003518741,0.0007474849410699656,-258.1007315364128
3720720721.0,8.27009e-05,-0.0007662384,0.0007706884743496362,-259.0738790857375
3729729730.0,-0.0006413891,-0.0005441768,0.0008411351658663724,-260.0486055948084
3738738739.0,-0.0008603973,0.0003087415,0.000914114231192984,-261.0967149669393
3747747748.0,-8.40612e-05,0.000970868,0.0009745003636579311,-262.23661841864975
3756756757.0,0.0007401429,0.0005332517,0.000912232913226277,-263.2694495408397
3765765766.0,0.0007639871,-0.0003461772,0.0008387579762757848,-264.3192277013236
3774774775.0,0.0001862228,-0.0007803217,0.0008022349323799918,-265.2303122937204
3783783784.0,-0.0005550099,-0.0006456028,0.00085137474972297,-266.17466455063715
3792792793.0,-0.0009204836,0.0001126551,0.0009273517290785465,-267.15715679244033
3801801802.0,-0.0004046025,0.0009220823,0.0010069453565013048,-268.1926773736076
3810810811.0,0.0007020295,0.0007785565,0.0010483299302044657,-269.3399290324765
3819819820.0,0.0009748311,-0.0003028228,0.0010207827005426033,-270.47815884678255
3828828829.0,0.0001695525,-0.0008886299,0.0009046607924687905,-271.55922849677927
3837837838.0,-0.0005444575,-0.0005974088,0.000808289084191844,-272.4868233042759
3846846847.0,-0.0007356779,8.1182e-05,0.0007401435601776253,-273.42846611598856
3855855856.0,-0.0004102245,0.0006411394,0.0007611464186558393,-274.32015987491263
3864864865.0,0.0002995297,0.000778309,0.0008339561982880696,-275.25673256970435
3873873874.0,0.00095347,0.0001482215,0.0009649220973541076,-276.3059331044726
3882882883.0,0.0005651849,-0.0008362349,0.0010093179772331512,-277.4366037058277
3891891892.0,-0.000463087,-0.0008150123,0.0009373871231888616,-278.5476559537411
3900900901.0,-0.0008088402,1.17976e-05,0.0008089262342771434,-279.61633095827335
3909909910.0,-0.0004357003,0.0005908433,0.0007341188981186766,-280.53714062730336
3918918919.0,0.0001846112,0.0007049339,0.0007287064556696681,-281.4286748352651
3927927928.0,0.0007207785,0.0003054106,0.0007828136947285796,-282.34255010126753
3936936937.0,0.0007351087,-0.000428276,0.0008507673788948951,-283.2708676440966
3945945946.0,-8.40858e-05,-0.0009626693,0.0009663346226458668,-284.401260533274
3954954955.0,-0.0008970646,-0.0003008156,0.0009461579792912598,-285.56138206623007
3963963964.0,-0.0005703265,0.0006059296,0.000832119580804592,-286.70058855498326
3972972973.0,0.0001406571,0.0006940467,0.0007081562268040154,-287.6556819508955
3981981982.0,0.0005574566,0.00034809,0.0006572096385351938,-288.4683381951366
3990990991.0,0.0006219151,-0.0002209319,0.0006599918908938352,-289.36786342170996
4000000000.0,0.0002035462,-0.0006926954,0.0007219819753398281,-290.3115184847381
4009009009.0,-0.0004933873,-0.0006324169,0.0008021110666278704,-291.25984713633693
4018018018.0,-0.0008929732,0.0001505121,0.0009055688975250034,-292.3350989297814
4027027027.0,-0.0002214972,0.0008794224,0.0009068874060375962,-293.4921783455638
4036036036.0,0.0005949036,0.0005663768,0.0008213969642451816,-294.5488712890358
4045045045.0,0.0007126153,-0.0001582228,0.000729969191290927,-295.528196302627
4054054054.0,0.0002668966,-0.000577774,0.0006364405629495656,-296.4477674735273
4063063063.0,-0.00025124,-0.0005806754,0.000632696971515717,-297.28885379501634
4072072072.0,-0.0006798325,-0.0002186122,0.0007141173027207014,-298.14017767974286
4081081081.0,-0.000673913,0.0004973263,0.0008375513000650707,-299.08705821172424
4090090090.0,0.0001374704,0.0010067301,0.0010160726377194545,-300.15781045861456
4099099099.0,0.0010226324,0.0002457729,0.0010517515599723017,-301.35703438081447
4108108108.0,0.0006312046,-0.0006665694,0.0009180054531850669,-302.4055365191136
4117117117.0,-0.0001987799,-0.0008374339,0.0008607026115408388,-303.39674579210475
4126126126.0,-0.0007218416,-0.0003365925,0.0007964608003830509,-304.2981639223519
4135135135.0,-0.000738334,0.0003846841,0.0008325376582166179,-305.21480639613344
4144144144.0,-0.0001845803,0.0008634553,0.0008829637264611611,-306.0946841145052
4153153153.0,0.0007474485,0.0007138633,0.0010335763499805615,-307.1136607547058
4162162162.0,0.0010663361,-0.0003996908,0.0011387824260006166,-308.23469841617526
4171171171.0,5.46954e-05,-0.0010966439,0.001098007026474954,-309.3970424122463
4180180180.0,-0.0008011111,-0.0005623191,0.0009787654288786563,-310.40565663915464
4189189189.0,-0.000888598,0.0002945156,0.0009361334542934357,-311.33771695342625
4198198198.0,-0.0003546293,0.000854706,0.0009253563026502224,-312.1951724226069
4207207207.0,0.0005008026,0.0008612611,0.0009962800442345366,-313.11515652645375
4216216216.0,0.0011257157,3.72435e-05,0.0011263316188044887,-314.126193136234
4225225225.0,0.0006585505,-0.0010451562,0.0012353300139835873,-315.1678050165372
4234234234.0,-0.0006671392,-0.0010770752,0.0012669513402777867,-316.2846231048643
4243243243.0,-0.0012461918,3.67644e-05,0.001246733982650108,-317.33035085613926
4252252252.0,-0.0005463362,0.0010263896,0.0011627376550273926,-318.382510195471
4261261261.0,0.0004547583,0.000927138,0.0010326616011370278,-319.32767059445945
4270270270.0,0.0009800151,0.0002441298,0.0010099648288312071,-320.1983115178022
4279279279.0,0.000893555,-0.0006643802,0.001113481741285882,-321.0817946764021
4288288288.0,-5.85866e-05,-0.0012958868,0.001297210464078131,-322.0584258878769
4297297297.0,-0.0013367419,-0.0006433374,0.001483496517506654,-323.1354894691395
4306306306.0,-0.0012102215,0.0010131481,0.0015783235256422747,-324.2810352583399
4315315315.0,0.0002806077,0.0014114721,0.0014390949136098355,-325.35108589693107
4324324324.0,0.0012203906,0.0005261738,0.0013289891212402004,-326.31856612081225
4333333333.0,0.0011497805,-0.0006331559,0.0013125858417204796,-327.22899761985275
4342342342.0,0.0001794237,-0.0013998854,0.0014113369538330846,-328.1689570293423
4351351351.0,-0.0011870071,-0.0010770989,0.0016028499292920781,-329.1303361382304
4360360360.0,-0.001658365,0.0005902397,0.0017602719609995183,-330.2091646411359
4369369369.0,-0.0002526182,0.0017639801,0.00178197692133407,-331.2957828884363
4378378378.0,0.0013640524,0.001089987,0.0017460557293840194,-332.3346415620408
4387387387.0,0.001629811,-0.0005725314,0.0017274478573048046,-333.3466421782193
4396396396.0,0.0004226404,-0.0016632085,0.001716067429381611,-334.33077306012103
4405405405.0,-0.0011814031,-0.0013252627,0.0017753970003075087,-335.30768783825954
4414414414.0,-0.0018283054,0.0002416752,0.0018442091904022713,-336.2818373718068
4423423423.0,-0.000827646,0.0017723409,0.0019560649700684305,-337.284326644951
4432432432.0,0.0012540649,0.0017552807,0.0021572410874087533,-338.34157025871446
4441441441.0,0.0022100506,-0.0002808795,0.002227827854229453,-339.4184207527974
4450450450.0,0.0008209063,-0.0019921081,0.002154618721599091,-340.47192700401547
4459459459.0,-0.0012167693,-0.0016992641,0.002089982299200474,-341.48422404225056
4468468468.0,-0.0021102863,8.5696e-05,0.0021120255851631367,-342.47418564911305
4477477477.0,-0.0011355927,0.0018786652,0.0021952115419668168,-343.46069736403797
4486486486.0,0.001070671,0.0020727055,0.002332904730153216,-344.48120104901665
4495495495.0,0.0024316124,5.62475e-05,0.0024322628651299205,-345.55206424881897
4504504505.0,0.0011789645,-0.0020887225,0.002398482639976054,-346.63212410548397
4513513514.0,-0.0010941427,-0.001943046,0.0022299273544398907,-347.658838625634
4522522523.0,-0.0021140389,-0.0001827513,0.0021219233040722513,-348.63055240920244
4531531532.0,-0.0013997632,0.0016751389,0.0021829858795620848,-349.591500361127
4540540541.0,0.0006048648,0.0021504288,0.002233876775954413,-350.56177276027546
4549549550.0,0.0023154829,0.0007039764,0.0024201330194742127,-351.56322722007144
4558558559.0,0.0018501354,-0.0017520101,0.002548046386711822,-352.61654130754215
4567567568.0,-0.0006222709,-0.0023954554,0.0024749601302598736,-353.68332748832046
4576576577.0,-0.0023843086,-0.0007683726,0.002505059670439952,-354.6882161676655
4585585586.0,-0.0017948806,0.0015855446,0.0023949004252464276,-355.7235210581163
4594594595.0,0.0002610187,0.0023305469,0.002345118251783756,-356.68230028471993
4603603604.0,0.0020894755,0.001164486,0.0023920567529421726,-357.6331241936749
4612612613.0,0.0022633649,-0.0011045704,0.0025185107581878956,-358.59558136070245
4621621622.0,0.000323833,-0.0027450275,0.0027640629131127333,-359.59493081437637
4630630631.0,-0.0024085586,-0.0018333359,0.003026925015896953,-360.63253998892606
4639639640.0,-0.0028623424,0.0014703742,0.00321791925051941,-361.7576995409398
4648648649.0,-4.3013e-06,0.0030523809,0.0030523839306133326,-362.852542328283
4657657658.0,0.0024166814,0.001472464,0.002829929189997863,-363.8775241567023
4666666667.0,0.0025155802,-0.0010577891,0.002728930472311607,-364.822796577654
4675675676.0,0.0005748905,-0.0027237234,0.002783732790103571,-365.78752940172444
4684684685.0,-0.0019849899,-0.0020628767,0.0028628037275553663,-366.76170323631817
4693693694.0,-0.0029381735,0.0005821328,0.0029952866495442615,-367.7619348467408
4702702703.0,-0.001067263,0.0029994409,0.0031836607896825017,-368.79528598650387
4711711712.0,0.0021867583,0.0024218377,0.0032630062377752484,-369.87157023411993
4720720721.0,0.003038059,-0.000550345,0.0030875041872855816,-370.88713994249724
4729729730.0,0.0012006622,-0.0028044422,0.0030506533352135704,-371.87421175134835
4738738739.0,-0.0016050734,-0.0025798881,0.0030384343382586316,-372.835275589324
4747747748.0,-0.003209145,-0.0002196766,0.0032166550078633798,-373.78117908758577
4756756757.0,-0.0020358926,0.0027596587,0.0034293694492166416,-374.78471790506245
4765765766.0,0.0014271334,0.0034877128,0.003768401559903005,-375.80872477072995
4774774775.0,0.0039330609,0.0002975767,0.00394430221148072,-376.9156019754353
4783783784.0,0.0020183705,-0.003163784,0.003752778793630961,-377.9940494838642
4792792793.0,-0.0014114698,-0.0031656865,0.003466095499635619,-378.981324959153
4801801802.0,-0.0033898927,-0.0008258124,0.0034890311889559044,-379.8937553440281
4810810811.0,-0.0028137379,0.0023777446,0.003683855365337457,-380.8343234334451
4819819820.0,0.0004155449,0.0040979815,0.004118996229454242,-381.8045643222194
4828828829.0,0.0042425847,0.0019675781,0.004676632176713677,-382.84005891533155
4837837838.0,0.0040326079,-0.0031500638,0.005117111335432604,-383.9374434187573
4846846847.0,-0.0011086818,-0.0051637055,0.005281385218328757,-385.0565957985856
4855855856.0,-0.0049593649,-0.001339019,0.005136951634356022,-386.15218634681685
4864864865.0,-0.0035249253,0.0034338904,0.004921046804267589,-387.188213348125
4873873874.0,0.0009790527,0.004585502,0.004688856233814521,-388.19704472745013
4882882883.0,0.0042486607,0.0017400127,0.004591161284455795,-389.1687824148765
4891891892.0,0.0041499208,-0.0025271095,0.0048588193083570095,-390.10446612825007
4900900901.0,-7.20609e-05,-0.0054229443,0.005423423056908921,-391.1415727403916
4909909910.0,-0.0050857093,-0.0025562276,0.00569198898691031,-392.233332690909
4918918919.0,-0.004468269,0.0033007399,0.005555205823712836,-393.3353157796878
4927927928.0,0.0003981783,0.0051294372,0.005144868506321103,-394.34734878515485
4936936937.0,0.0043091107,0.0026286983,0.005047622190425645,-395.2929105296807
4945945946.0,0.0049870088,-0.002039038,0.00538775767242008,-396.22880376741097
4954954955.0,0.000807508,-0.0059615644,0.006016005258093726,-397.27683770913643
4963963964.0,-0.0051368591,-0.0037939548,0.006386032762028069,-398.34611819935446
4972972973.0,-0.0058557985,0.0027887742,0.006485956954157797,-399.426727798864
4981981982.0,-0.000402962,0.0063942166,0.00640690130259235,-400.4901268012159
4990990991.0,0.0052578884,0.0033498831,0.006234348980488674,-401.5565953520353
5000000000.0,0.005407122,-0.0024840861,0.00595043293173675,-402.5545113595443
5009009009.0,0.0010373008,-0.0058288271,0.005920406937987882,-403.5185392729786
5018018018.0,-0.0044633751,-0.0043609714,0.006240175384948565,-404.4916583068341
5027027027.0,-0.0065073467,0.0016795237,0.006720592305211095,-405.5180366175921
5036036036.0,-0.0018618261,0.0067866785,0.007037428613421486,-406.5685004155815
5045045045.0,0.0052877922,0.0052140747,0.007426124246709109,-407.62866615421353
5054054054.0,0.006908461,-0.0023313563,0.007291231417673608,-408.73250842710956
5063063063.0,0.0014226745,-0.0066975651,0.006846997955431875,-409.7685356280917
5072072072.0,-0.0047047616,-0.0047082815,0.0066560270729675375,-410.7628655182994
5081081081.0,-0.0067030426,0.0014248603,0.0068528101514583675,-411.7580892077716
5090090090.0,-0.0024554618,0.0066273301,0.007067587771342161,-412.7646095309828
5099099099.0,0.0045374825,0.0057465963,0.007322029532375566,-413.7877979677581
5108108108.0,0.0077260377,-0.0010070765,0.00779139664108262,-414.8198478531079
5117117117.0,0.0028630241,-0.0074681744,0.007998158279628891,-415.8949439440061
5126126126.0,-0.0050037378,-0.0059893312,0.0078044525877502945,-416.95700794408174
5135135135.0,-0.0075098645,0.0009754615,0.007572951204539912,-417.9609904390212
5144144144.0,-0.0033081602,0.0069345677,0.007683238450988446,-418.9574967321492
5153153153.0,0.0041358981,0.0066634592,0.007842661640262713,-419.9581084293171
5162162162.0,0.0082665079,0.00036456,0.008274542697597396,-420.9293432910843
5171171171.0,0.0049842128,-0.0077570603,0.009220323298752595,-421.9730996608181
5180180180.0,-0.0049890901,-0.0084754152,0.00983481991895678,-423.0762472540301
5189189189.0,-0.0099656159,0.0006747044,0.0099884296210021,-424.18260830526907
5198198198.0,-0.0039430182,0.0090069696,0.009832237481919127,-425.27316406104734
5207207207.0,0.0057280554,0.0074658179,0.009410050774646734,-426.3402466987466
5216216216.0,0.0088991585,-0.0009426215,0.008948941686053414,-427.3621299411743
5225225225.0,0.0039544704,-0.0077419303,0.008693406749631254,-428.35515800466635
5234234234.0,-0.0042937183,-0.0079864733,0.009067511930588665,-429.32068893446245
5243243243.0,-0.0097200352,-0.0003751837,0.009727273364000043,-430.3596136877135
5252252252.0,-0.0051393726,0.0088517628,0.010235568151748812,-431.44295391946343
5261261261.0,0.0053876496,0.0088054437,0.010322916592041702,-432.5180802837899
5270270270.0,0.0104225032,-0.0005349011,0.010436220203732359,-433.59106295695926
5279279279.0,0.0042572706,-0.0092265228,0.010161352072462807,-434.678275228839
5288288288.0,-0.0056189171,-0.0080700162,0.009833483149166163,-435.71880131922796
5297297297.0,-0.0097324411,0.0008087128,0.009765983112715945,-436.76428293824733
5306306306.0,-0.0040809915,0.008504217,0.009432719565754154,-437.80475389610035
5315315315.0,0.005036027,0.0078719298,0.00934499046125019,-438.82130737775367
5324324324.0,0.0096411643,-0.0001543842,0.009642400299759605,-439.83898315859585
5333333333.0,0.0045924751,-0.00878668,0.009914462817849488,-440.91215440282116
5342342342.0,-0.0055576248,-0.0079258821,0.009680227294887008,-442.0052983935661
5351351351.0,-0.0091332262,0.0008288692,0.009170760326770899,-443.0550693950641
5360360360.0,-0.0038396519,0.0080468379,0.008915970328688292,-444.090148955692
5369369369.0,0.0046123832,0.0071248895,0.00848752785979831,-445.1098790338399
5378378378.0,0.0083357718,-1.63699e-05,0.008335787873698638,-446.10812062058244
5387387387.0,0.0044291305,-0.007045836,0.00832231950389591,-447.1157572415997
5396396396.0,-0.0036718776,-0.0075549319,0.008399981019205898,-448.12935749620607
5405405405.0,-0.0087216239,-0.0007012386,0.008749769084220517,-449.1675197512046
5414414414.0,-0.0047009103,0.0074369246,0.008798090994910843,-450.2548542337076
5423423423.0,0.0040562983,0.0075042937,0.00853041498606267,-451.31408955665324
5432432432.0,0.0079780067,0.0002507391,0.007981945940778707,-452.3579236685761
5441441441.0,0.0044104878,-0.0063484921,0.00773018464059632,-453.35295816818024
5450450450.0,-0.0027498298,-0.0072016885,0.007708818403620641,-454.32488467282263
5459459459.0,-0.0080744248,-0.0016168533,0.008234716172678689,-455.3333048229695
5468468468.0,-0.0053400098,0.0066518035,0.008530075876960783,-456.42529047523163
5477477477.0,0.0033729473,0.0076637748,0.00837318444044393,-457.51633486744333
5486486486.0,0.0078749639,0.0007550976,0.0079110826573756,-458.5769338257654
5495495495.0,0.0045553064,-0.0058859418,0.0074427902879812624,-459.58468257494
5504504505.0,-0.0024630852,-0.0069402064,0.00736432302231916,-460.58435790082336
5513513514.0,-0.0071954931,-0.0015241162,0.007355137737884318,-461.60538980405636
5522522523.0,-0.0050007801,0.0053191948,0.007300796869445352,-462.6303626684353
5531531532.0,0.0018954065,0.0070500757,0.007300420068459947,-463.6475552275248
5540540541.0,0.0070789714,0.0019530469,0.007343447982767875,-464.6865154129434
5549549550.0,0.0053584394,-0.00505838,0.007368858868771498,-465.7123135776812
5558558559.0,-0.0017996566,-0.0073058477,0.007524239130537974,-466.768031552908
5567567568.0,-0.0072614786,-0.0017991061,0.007481032964592201,-467.8544357851432
5576576577.0,-0.0048573309,0.0051905895,0.007108859460532685,-468.91585831737626
5585585586.0,0.0018021979,0.0064591728,0.006705880295011554,-469.9401956135014
5594594595.0,0.0062917092,0.0018327954,0.006553223911604562,-470.95543887768713
5603603604.0,0.0048261152,-0.0043076281,0.00646892941463892,-471.96759094592903
5612612613.0,-0.0013531562,-0.0063545406,0.006497016079605067,-473.01950376992147
5621621622.0,-0.0060254428,-0.0019419285,0.006330643508774135,-474.0687135674677
5630630631.0,-0.0045513163,0.0040199479,0.006072434534958784,-475.1039739242288
5639639640.0,0.0010921366,0.0056982286,0.005801945495341844,-476.1406530262652
5648648649.0,0.0051424574,0.0020754217,0.005545470525000169,-477.13848977017864
5657657658.0,0.0043051734,-0.0031045175,0.005307781731747624,-478.1468391721692
5666666667.0,-0.0001554627,-0.0052655172,0.005267811693159421,-479.1223957760064
5675675676.0,-0.0045690822,-0.0027992166,0.00535836968900732,-480.11401194467584
5684684685.0,-0.0049149956,0.0024256612,0.0054809683455758805,-481.1221282400089
5693693694.0,-0.0003366429,0.0057096954,0.005719611001012356,-482.17558063369773
5702702703.0,0.0048499993,0.0029973522,0.005701457131369605,-483.25171103595244
5711711712.0,0.0048463735,-0.0026497485,0.005523450299835647,-484.30561225174034
5720720721.0,0.0001228187,-0.0054623902,0.0054637707794274945,-485.35358434297655
5729729730.0,-0.0045279689,-0.0026253901,0.005234040077850496,-486.42141499491913
5738738739.0,-0.0043129579,0.0024158175,0.004943458307751635,-487.4574486566167
5747747748.0,-0.0001624493,0.0046853871,0.00468820243290719,-488.48300003728906
5756756757.0,0.0035924403,0.0024411091,0.00434334444261181,-489.49161054115217
5765765766.0,0.004008528,-0.0015210212,0.004287400403231945,-490.4511170645664
5774774775.0,0.0008347051,-0.0042357838,0.004317244144626112,-491.4646828907168
5783783784.0,-0.0031620247,-0.0029848703,0.004348315870682831,-492.4734606189837
5792792793.0,-0.004179909,0.001273331,0.004369555021262691,-493.525746847998
5801801802.0,-0.0010273803,0.0041808158,0.004305198141126345,-494.5598807072401
5810810811.0,0.003051888,0.0028303958,0.004162350387605739,-495.6238774397559
5819819820.0,0.0037773122,-0.0011448112,0.003946983676165165,-496.66591532843523
5828828829.0,0.0010061095,-0.0035233363,0.0036641718039535126,-497.66428236481914
5837837838.0,-0.0022909044,-0.0027480418,0.0035777055083512114,-498.6373605875086
5846846847.0,-0.0035033677,0.0003388859,0.0035197200023044588,-499.60966336650023
5855855856.0,-0.0017031045,0.0033550141,0.003762536983089875,-500.61429559629835
5864864865.0,0.0021625791,0.0030776766,0.0037614945989519074,-501.69654131932987
5873873874.0,0.0034938922,-0.0004661482,0.0035248513230467012,-502.7874593189512
5882882883.0,0.0013754225,-0.0029126021,0.003221030587627298,-503.7844338230273
5891891892.0,-0.0015951272,-0.0027300298,0.0031618813217873755,-504.7544083127046
5900900901.0,-0.0031001013,-0.0002215199,0.0031080056525620574,-505.72508277507575
5909909910.0,-0.0019122116,0.0025472727,0.0031851454301711013,-506.7232711285747
5918918919.0,0.0012182664,0.0030004408,0.0032383356860698673,-507.75290663718147
5927927928.0,0.0031872994,0.000515023,0.0032286415341083253,-508.7778085792914
5936936937.0,0.0021014624,-0.0025566127,0.003309442961650049,-509.8208109405405
5945945946.0,-0.001168636,-0.0029221993,0.0031472144587581714,-510.889240684303
5954954955.0,-0.0029317516,-0.0004497468,0.0029660478128669472,-511.92738370723094
5963963964.0,-0.0019453995,0.0020353221,0.0028155133218204917,-512.8875863797953
5972972973.0,0.0005500462,0.0027705688,0.002824641976900414,-513.8463823589098
5981981982.0,0.002756044,0.0011240113,0.00297643745650126,-514.833952772629
5990990991.0,0.0024702568,-0.0019716268,0.0031606140062374714,-515.8948049210255
6000000000.0,-0.0006608049,-0.0031385508,0.0032073609463302774,-516.9995052431682
6009009009.0,-0.0029581246,-0.0007942484,0.003062895961345687,-518.100477154795
6018018018.0,-0.002005283,0.0020149844,0.0028427666176336673,-519.1505991240961
6027027027.0,0.0006309673,0.0025162157,0.0025941205027129673,-520.1792783913495
6036036036.0,0.0023126941,0.0007897249,0.0024438124760003213,-521.1753213230503
6045045045.0,0.0018920213,-0.001396765,0.0023517434096598823,-522.14031234782
6054054054.0,-7.44991e-05,-0.0023477944,0.0023489760876969717,-523.1068977054858
6063063063.0,-0.0020782938,-0.0012708154,0.0024360371302579935,-524.0971621036209
6072072072.0,-0.0022183213,0.0012128146,0.0025282145170073783,-525.1462994903671
6081081081.0,3.83974e-05,0.0025618133,0.0025621010410176353,-526.2317567218658
6090090090.0,0.0020690632,0.001108579,0.002347332512626884,-527.2956994401374
6099099099.0,0.0019036266,-0.0010747536,0.0021860671382509093,-528.3015355492248
6108108108.0,0.0001670641,-0.002074703,0.0020814184950936248,-529.2780111554663
6117117117.0,-0.0016808056,-0.0013316413,0.002144382432509894,-530.2591525913077
6126126126.0,-0.0020941467,0.0008111015,0.0022457373053015664,-531.2986848237861
6135135135.0,-0.0003084009,0.0021880587,0.0022096859482212622,-532.3599299028277
6144144144.0,0.0016762818,0.0013165089,0.002131458739171474,-533.4049920256098
6153153153.0,0.0019597168,-0.0007782046,0.0021085759022770323,-534.4487554567531
6162162162.0,0.0002364835,-0.0019498467,0.001964135076636314,-535.520853793923
6171171171.0,-0.0014438526,-0.0011608402,0.0018526360410136688,-536.535175825381
6180180180.0,-0.001696339,0.0005226146,0.0017750188796331603,-537.5112003083203
6189189189.0,-0.0005114566,0.0016512177,0.0017286144007490074,-538.4827669845056
6198198198.0,0.0010967232,0.0013949686,0.0017744687014439563,-539.4494090794021
6207207207.0,0.0018595745,-0.000284104,0.0018811518821898062,-540.5055431346788
6216216216.0,0.0005506937,-0.0017886928,0.00187154628155211,-541.6260669782533
6225225225.0,-0.0012153567,-0.001220651,0.0017225216318049216,-542.7079575599639
6234234234.0,-0.0015677146,0.0003443464,0.0016050867609715433,-543.7117442243435
6243243243.0,-0.0005477113,0.0014365296,0.0015374020163326995,-544.7020656646673
6252252252.0,0.0008665944,0.001223268,0.0014991232284023086,-545.6826837905886
6261261261.0,0.0014932824,-7.58453e-05,0.001495207288532881,-546.6878691122255
6270270270.0,0.000692172,-0.0013999956,0.0015617585465120272,-547.7487523335272
6279279279.0,-0.0008302696,-0.0012731295,0.0015199362922354376,-548.7858022171613
6288288288.0,-0.001488496,8.09564e-05,0.0014906959048434259,-549.8330488989225
6297297297.0,-0.0007032749,0.001264778,0.0014471554768766242,-550.8420374131379
6306306306.0,0.0007355931,0.0011894896,0.001398564520240582,-551.9033576111277
6315315315.0,0.0013294288,1.11015e-05,0.0013294751511674409,-552.911956647061
6324324324.0,0.0006925311,-0.0011044029,0.001303573967980191,-553.9310213252113
6333333333.0,-0.0005953657,-0.0012135845,0.0013517572472070344,-554.94719020592
6342342342.0,-0.0014408394,-6.83084e-05,0.0014424576992421374,-556.0145264025133
6351351351.0,-0.0006619974,0.0012069303,0.0013765614067904309,-557.1310076267553
6360360360.0,0.0007346444,0.0010157083,0.0012535412817854265,-558.258877750902
6369369369.0,0.001095476,-0.0001269012,0.0011028016961981153,-559.3188194576259
6378378378.0,0.0004840973,-0.0008490447,0.0009773572010607892,-560.256094071987
6387387387.0,-0.0003928004,-0.0008562567,0.0009420550358312671,-561.2043881211603
6396396396.0,-0.0009588093,-0.0001758877,0.0009748085744277078,-562.1636582665292
6405405405.0,-0.0006867847,0.0007899801,0.0010467768542292573,-563.200249118937
6414414414.0,0.0003867205,0.0009867786,0.0010598512869918167,-564.2893872217717
6423423423.0,0.0010637983,9.19727e-05,0.0010677667351196983,-565.4004352040868
6432432432.0,0.0005467788,-0.0008526654,0.001012919217157321,-566.4872685980075
6441441441.0,-0.0004157586,-0.000824192,0.0009231184465375827,-567.5246703528853
6450450450.0,-0.0008500129,-7.43004e-05,0.0008532540533783417,-568.5410810018585
6459459459.0,-0.0004846433,0.0006750767,0.0008310280856371702,-569.5764223779646
6468468468.0,0.000290287,0.0007875756,0.0008393699232664702,-570.5521996248566
6477477477.0,0.0009071718,0.0001058666,0.0009133282059100113,-571.653688820474
6486486486.0,0.0005159054,-0.0007485596,0.000909120375143644,-572.7372201726592
6495495495.0,-0.0004985959,-0.000690452,0.0008516582858170347,-573.966083516191
6504504505.0,-0.0007697923,7.91688e-05,0.0007738526242332774,-575.0139396617234
6513513514.0,-0.0003115243,0.0006061342,0.0006815027937581254,-576.0075045830399
6522522523.0,0.0003642297,0.0005677139,0.0006745089670384672,-577.052679985367
6531531532.0,0.000681223,-7.269e-07,0.0006812233878197445,-578.054115311581
6540540541.0,0.0003345064,-0.0005932565,0.0006810637315502933,-579.1104318332505
6549549550.0,-0.0003998955,-0.0005703136,0.0006965443368983844,-580.2353655972215
6558558559.0,-0.0006791119,0.0001061179,0.0006873528798383113,-581.3496472373109
6567567568.0,-0.0001820479,0.0005917485,0.0006191185065451202,-582.466982401878
6576576577.0,0.0004038572,0.0003678681,0.0005462852523997421,-583.5974362407179
6585585586.0,0.0005209254,-0.0001428124,0.000540146881837635,-584.6038106214354
6594594595.0,0.0001084868,-0.0004962704,0.000507989857861749,-585.6918113289073
6603603604.0,-0.0003462239,-0.0003241305,0.0004742695119459609,-586.7253739232564
6612612613.0,-0.000467447,0.0001328699,0.0004859641016937465,-587.7547678036348
6621621622.0,-0.0001410172,0.0004971106,0.0005167250713176205,-588.7722104895197
6630630631.0,0.0004655404,0.000365919,0.000592135608280029,-589.9532673687646
6639639640.0,0.0004851964,-0.0003102146,0.0005758894378490718,-591.1882770701858
6648648649.0,-0.0001020093,-0.0005097032,0.0005198107822821012,-592.3877402830195
6657657658.0,-0.0003771416,-0.0001430397,0.0004033560985365784,-593.3984997678132
6666666667.0,-0.0003295485,0.0001983007,0.000384610688193581,-594.3027054163332
6675675676.0,-5.16283e-05,0.0004688876,0.0004717213825921505,-595.2221415700554
6684684685.0,0.0004626373,0.0002254254,0.0005146356792104975,-596.4491991104926
6693693694.0,0.0003405705,-0.0003298278,0.00047410404250869875,-597.6719793623465
6702702703.0,-0.000128369,-0.0004141115,0.00043355153625982,-598.7739939186464
6711711712.0,-0.0004357194,-0.0001093049,0.00044922038767220934,-599.7984082093188
6720720721.0,-0.0003126551,0.0003148697,0.0004437298046492933,-600.833124087947
6729729730.0,0.0001362574,0.0003957272,0.0004185284887252001,-601.9466002931907
6738738739.0,0.0003753873,0.0001022094,0.00038905319231391744,-602.919956409116
6747747748.0,0.0003432128,-0.0002849883,0.00044610913151462166,-603.8787672001862
6756756757.0,-0.0001278548,-0.0004455268,0.00046350941673420186,-605.0360501269728
6765765766.0,-0.0004557151,-8.11935e-05,0.00046289160373705205,-606.1510650157228
6774774775.0,-0.0002808894,0.0003104849,0.00041868810367667484,-607.1627838817004
6783783784.0,0.0001607197,0.0003867595,0.0004188242266253708,-608.2920216791349
6792792793.0,0.0003776575,0.0001146778,0.0003946849187885065,-609.1741676597087
6801801802.0,0.0002967372,-0.0002706831,0.00040164948212272105,-610.2084884316224
6810810811.0,-9.54582e-05,-0.0004386861,0.0004489518485098931,-611.2540313038675
6819819820.0,-0.0004226005,-0.0001421915,0.00044588070744594905,-612.2859984493664
6828828829.0,-0.0003380054,0.0003407678,0.00047996910728295835,-613.4000352860884
6837837838.0,0.0001742687,0.0004064769,0.0004422590304711708,-614.5863892271909
6846846847.0,0.0003703157,8.10994e-05,0.0003790921132743993,-615.5365631585937
6855855856.0,0.0003041743,-0.0002716236,0.00040780066804438906,-616.4810869059702
6864864865.0,-9.65988e-05,-0.0004134364,0.00042457153108327935,-617.5524872485331
6873873874.0,-0.0004005032,-0.0001076584,0.00041472056170486647,-618.6311524126519
6882882883.0,-0.0003239919,0.0002891327,0.00043424471151057217,-619.6223570617267
6891891892.0,4.74452e-05,0.0004131119,0.0004158274749516318,-620.5788963895945
6900900901.0,0.0003692367,0.0001243211,0.00038960425630644747,-621.7105701045448
6909909910.0,0.0003084533,-0.0001991854,0.00036717606383593413,-622.6087309763896
6918918919.0,2.8504e-06,-0.0003518301,0.00035184164626458024,-623.5980402771265
6927927928.0,-0.0003235032,-0.0002346859,0.0003996645994694176,-624.5493339542263
6936936937.0,-0.0004272701,0.0001541907,0.0004542405863862233,-625.5232672165369
6945945946.0,-0.0001128247,0.0004976493,0.000510278589322127,-626.5247879223259
6954954955.0,0.0004252115,0.0003432546,0.000546469157550003,-627.639380925945
6963963964.0,0.0005361729,-0.0002147686,0.000577587162461537,-628.6995184476503
6972972973.0,2.76668e-05,-0.0005369171,0.0005376294486862211,-629.8378435817957
6981981982.0,-0.0004607725,-0.0003011865,0.0005504767066266292,-630.8811826381954
6990990991.0,-0.0004538698,0.0002515596,0.0005189219861445456,-631.9662274963874
7000000000.0,-3.25709e-05,0.0004557219,0.000456884354805918,-632.9595700203006
7009009009.0,0.0003835786,0.0002636595,0.0004654555556851911,-633.9995185931278
7018018018.0,0.0004411252,-0.0001928178,0.00048142511990119504,-635.0137944388712
7027027027.0,8.9447e-05,-0.0004323925,0.00044154732460433953,-635.9685243507784
7036036036.0,-0.0003255358,-0.0003380029,0.00046927552406880334,-636.9391239196591
7045045045.0,-0.0004850157,9.4147e-05,0.0004940687066142623,-637.9350356126291
7054054054.0,-0.0001127589,0.000482517,0.0004955171286829649,-639.0845358262748
7063063063.0,0.0003416304,0.0003368499,0.0004797699295851815,-640.1065489459207
7072072072.0,0.0004524507,-9.94859e-05,0.00046325919335648376,-641.1013393670448
7081081081.0,0.0001737535,-0.0004052044,0.0004408864757980335,-642.0506089220255
7090090090.0,-0.000217596,-0.0003566888,0.00041782163570289177,-643.0034700211658
7099099099.0,-0.0004714687,-2.5112e-06,0.00047147538769815966,-644.0211677017801
7108108108.0,-0.0002399352,0.0004193745,0.0004831602958121559,-645.0776183424103
7117117117.0,0.0002370827,0.0003850855,0.0004522157106398892,-646.1491468229292
7126126126.0,0.0004381877,3.50741e-05,0.0004395891865390913,-647.0882133787824
7135135135.0,0.0002516724,-0.0003320565,0.0004166539524761646,-648.0903320339456
7144144144.0,-0.0001118352,-0.0004188145,0.0004334889818314763,-648.9998226758554
7153153153.0,-0.0004598177,-0.0001857445,0.0004959166628714345,-649.9257702568375
7162162162.0,-0.0003699722,0.0003354353,0.0004993959043273483,-651.0461563102491
7171171171.0,0.0001144477,0.0005353237,0.0005474209895655993,-652.0910964653731
7180180180.0,0.0005183482,9.30829e-05,0.000526639613697688,-653.273589725517
7189189189.0,0.0003260365,-0.000367578,0.000491338361433595,-654.2964899916091
7198198198.0,-6.49071e-05,-0.0004163934,0.0004214218731793237,-655.1767031020825
7207207207.0,-0.0003624051,-0.0001747512,0.00040233746831167737,-656.1435593310774
7216216216.0,-0.000383241,0.0001857983,0.00042590453433121605,-657.0442849063515
7225225225.0,-9.71381e-05,0.0004241997,0.00043517949854249803,-657.9385506379322
7234234234.0,0.0003286726,0.0003538839,0.000482969453143747,-658.9121392984291
7243243243.0,0.0005154393,-6.01069e-05,0.0005189320874759047,-659.8505458901984
7252252252.0,0.0002386311,-0.000504323,0.0005579305424658253,-660.8632984690505
7261261261.0,-0.0002914422,-0.0005716725,0.0006416759331602596,-661.7767153601392
7270270270.0,-0.0007336256,-0.0001317084,0.000745354696507589,-662.6984114693156
7279279279.0,-0.0009369842,0.0006872749,0.001162018149264309,-663.5089050261689
7288288288.0,0.0005858987,0.0050394867,0.005073431135448532,-664.5625881981956
7297297297.0,-0.0003575811,-0.0012472987,0.0012975431746569746,-661.5844499229901
7306306306.0,-0.0005224697,-0.0003811073,0.0006466972719374808,-662.2458413135842
7315315315.0,-0.0005105012,6.54626e-05,0.0005146812870118749,-663.0035859223343
7324324324.0,-0.0002455742,0.0004018723,0.00047096500211048594,-663.8983229716526
7333333333.0,0.0001433953,0.0003971752,0.00042226810388322017,-664.7933203312501
7342342342.0,0.0003785035,0.0001430699,0.0004046404524985854,-665.6562545759823
7351351351.0,0.0003324168,-0.0002235696,0.00040060491131088243,-666.609712742747
7360360360.0,-7.5522e-06,-0.0003719733,0.0003720499585240267,-667.6087391689184
7369369369.0,-0.0003145958,-0.0002096102,0.0003780303603173692,-668.5714974664886
7378378378.0,-0.0003436267,0.0001576959,0.0003780837285968546,-669.5894791653504
7387387387.0,-5.16632e-05,0.0003422022,0.00034608009465885207,-670.5801904056358
7396396396.0,0.0002317884,0.0002474429,0.00033904844953925093,-671.4827754615001
7405405405.0,0.0003142507,-6.29954e-05,0.0003205026097735399,-672.498667852382
7414414414.0,0.0001274969,-0.0003023882,0.000328167766559804,-673.4726087224876
7423423423.0,-0.0001788497,-0.0002693917,0.00032335600074682395,-674.4577103853713
7432432432.0,-0.0002967367,-3.0691e-06,0.00029675257117959397,-675.4320780512952
7441441441.0,-0.0002154145,0.0002117618,0.00030207030100539513,-676.2192680915007
7450450450.0,3.80029e-05,0.0003306422,0.00033281899709789706,-677.1276513314381
7459459459.0,0.0003394765,0.0001436765,0.0003686288522409769,-678.1836430360944
7468468468.0,0.0003189209,-0.0002157505,0.00038504391789386834,-679.1787937101839
7477477477.0,-4.00687e-05,-0.0004010409,0.00040303759650000393,-680.25439078227
7486486486.0,-0.0003755101,-0.0001580795,0.00040742724936147805,-681.3271512816073
7495495495.0,-0.0003510507,0.0002567605,0.0004349282105482927,-682.357100024111
7504504505.0,6.33555e-05,0.0003872759,0.0003924239316110321,-683.4585584385295
7513513514.0,0.0003528195,0.0001769971,0.00039472721338749874,-684.4022199747955
7522522523.0,0.0003487191,-0.0001932188,0.00039867093620961385,-685.3731698767785
7531531532.0,6.166e-05,-0.0004059947,0.00041065027946914876,-686.2872726987456
7540540541.0,-0.0003433668,-0.0002466677,0.00042278329385813014,-687.3858360878924
7549549550.0,-0.0003707236,0.0001783059,0.0004113745028216625,-688.4570969183087
7558558559.0,-1.72157e-05,0.0003992139,0.00039958493249833633,-689.536490166
7567567568.0,0.0002834262,0.0002253912,0.00036212097962404774,-690.4785534410377
7576576577.0,0.0003428474,-6.48908e-05,0.0003489343141787577,-691.3374412812943
7585585586.0,0.0001137359,-0.0003496202,0.00036765491863546444,-692.4066653943435
7594594595.0,-0.0002372961,-0.0002826127,0.0003690249006185084,-693.4196354184921
7603603604.0,-0.0004110054,1.47913e-05,0.00041127146920841713,-694.327949010474
7612612613.0,-0.000196565,0.0003940644,0.0004403686530310258,-695.4000740852794
7621621622.0,0.0002276241,0.0003620413,0.0004276524684910634,-696.4240456275738
7630630631.0,0.0003936009,-4.33371e-05,0.00039597951047651444,-697.5432315461348
7639639640.0,0.00017875,-0.0003812317,0.00042105720702167066,-698.5659264154875
7648648649.0,-0.0002213104,-0.0003380903,0.00040408333806561485,-699.5839603252037
7657657658.0,-0.0003773717,-1.6307e-05,0.0003777238650256163,-700.5319765793932
7666666667.0,-0.0002316834,0.0002761279,0.0003604494624686934,-701.4478591458178
7675675676.0,0.0001229822,0.0003936523,0.00041241575480591185,-702.448763924643
7684684685.0,0.0004476394,5.75698e-05,0.0004513261728555081,-703.5888489660082
7693693694.0,0.0002573519,-0.0003335719,0.0004213077413283786,-704.6304288008517
7702702703.0,-0.0001797139,-0.0003434795,0.0003876535215543127,-705.7695980154997
7711711712.0,-0.0003228826,-3.88777e-05,0.0003252147735574908,-706.7385157844753
7720720721.0,-0.0001982243,0.0002363047,0.00030843602959540895,-707.7311579369265
7729729730.0,4.66591e-05,0.0003013478,0.0003049386301826156,-708.5827582710255
7738738739.0,0.0002770047,0.0001270163,0.000304737172474544,-709.5700109373097
7747747748.0,0.0002747224,-0.0001617078,0.0003187817586415509,-710.5319514351022
7756756757.0,3.1089e-05,-0.0003402351,0.0003416525269817421,-711.4796140284644
7765765766.0,-0.0002629726,-0.0002317954,0.0003505477083250153,-712.419064772091
7774774775.0,-0.0003399072,0.0001642379,0.0003775062812831728,-713.5916373283148
7783783784.0,-5.3223e-05,0.0003543627,0.00035833728647782385,-714.5632494361383
7792792793.0,0.0002817154,0.0002115652,0.00035231151052470596,-715.6389911741354
7801801802.0,0.000317453,-8.41185e-05,0.0003284087837608032,-716.5421514844785
7810810811.0,0.0001134494,-0.0003318767,0.00035073196370340984,-717.5245326231349
7819819820.0,-0.0002127971,-0.0002961873,0.00036470470582335515,-718.476925807662
7828828829.0,-0.0004010393,5.20063e-05,0.00040439729893284405,-719.5536768130439
7837837838.0,-0.0001498913,0.0003773124,0.00040599513421893374,-720.6173715173408
7846846847.0,0.0002884301,0.0002604812,0.00038864170921228976,-721.831785198828
7855855856.0,0.0003274123,-7.91625e-05,0.000336846427318949,-722.8035398572166
7864864865.0,9.90419e-05,-0.0003093555,0.00032482321859106687,-723.8272625551289
7873873874.0,-0.0001872607,-0.0002654679,0.0003248688592261499,-724.7514466941286
7882882883.0,-0.0003327448,-6.7521e-06,0.00033281330018713193,-725.687613636005
7891891892.0,-0.0001303325,0.0002747691,0.00030411283904343796,-726.8357939899639
7900900901.0,0.0001303241,0.0002799518,0.00030879990505835656,-727.7143872003375
7909909910.0,0.0003165107,2.69615e-05,0.0003176569622985462,-728.764517243574
7918918919.0,0.0001742224,-0.0002552913,0.0003090745743626447,-729.8214449483918
7927927928.0,-0.0001198402,-0.000281916,0.00030633038470259525,-730.8222404203422
7936936937.0,-0.0002724549,-8.01184e-05,0.0002839905465901462,-731.7050888484955
7945945946.0,-0.0002033997,0.0001768194,0.00026951166612310123,-732.7066921489409
7954954955.0,4.28226e-05,0.0002609642,0.0002644543226199942,-733.7245288942336
7963963964.0,0.0002605918,0.0001563204,0.0003038818087405036,-734.5923592996768
7972972973.0,0.000261637,-0.0001518238,0.0003024969190180951,-735.6584773189306
7981981982.0,1.27083e-05,-0.0003334963,0.0003337383451187172,-736.6653894254571
7990990991.0,-0.0002732371,-0.0001857669,0.0003304055900738061,-737.6771828503158
8000000000.0,-0.0002789591,0.0001636889,0.000323438147805759,-738.804919202098
8009009009.0,-4.68729e-05,0.0003573613,0.0003604222072682259,-739.7146505351342
8018018018.0,0.0002634561,0.0001750987,0.0003163363263504525,-740.8292805711533
8027027027.0,0.000300983,-0.0001531628,0.00033771231779850734,-741.8865888225515
8036036036.0,2.9152e-05,-0.000324717,0.0003260229580765747,-742.8971259732295
8045045045.0,-0.000215545,-0.0001814152,0.0002817288089919808,-743.8578277058859
8054054054.0,-0.0002475147,9.07183e-05,0.0002636158885025332,-744.9087715975759
8063063063.0,-4.21191e-05,0.0002621301,0.0002654923876701929,-745.968936877154
8072072072.0,0.0001566972,0.0001875625,0.00024440479515363444,-746.8242354479364
8081081081.0,0.0002532731,-2.8368e-06,0.00025328898637297674,-747.7102516438422
8090090090.0,0.0001482521,-0.0002554717,0.00029537175669874056,-748.7440341500582
8099099099.0,-0.0001486458,-0.000252881,0.0002933332132893239,-749.8012553948815
8108108108.0,-0.0002933583,1.60856e-05,0.00029379897669367397,-750.8954219591008
8117117117.0,-0.0001335821,0.0002335982,0.00026909532973214156,-751.8919801107535
8126126126.0,0.0001389311,0.0002333934,0.0002716143032146319,-752.9483717056411
8135135135.0,0.0002401562,5.16628e-05,0.0002456502499536282,-753.7703444213037
8144144144.0,0.0002045261,-0.0001864136,0.0002767326432609099,-754.7213374578737
8153153153.0,-5.72613e-05,-0.0002816455,0.00028740745318787405,-755.7536092462526
8162162162.0,-0.0003071787,-7.16022e-05,0.0003154134251716785,-756.8948224450104
8171171171.0,-0.0001820501,0.0002447312,0.0003050173751828738,-758.055054486599
8180180180.0,0.0001062172,0.0002531947,0.0002745717568941314,-759.0918355274964
8189189189.0,0.0002478087,8.16543e-05,0.00026091488363866864,-759.9471207190677
8198198198.0,0.000185794,-0.0001640568,0.00024785891967456003,-760.9887673295469
8207207207.0,-2.58562e-05,-0.0002353762,0.0002367920999629844,-761.9456303355232
8216216216.0,-0.0002419815,-0.0001147813,0.0002678241833217083,-762.9641058149805
8225225225.0,-0.0002426364,0.0001359224,0.00027811386413970806,-763.9176475068223
8234234234.0,-4.4222e-06,0.0002997378,0.0002997704198243716,-764.9630586581515
8243243243.0,0.0002342594,0.0001144174,0.00026070828124768113,-766.0942652478852
8252252252.0,0.0002149607,-0.0001006351,0.00023735106044949536,-766.9864567719783
8261261261.0,1.16421e-05,-0.000191309,0.00019166291235763375,-768.0586238061782
8270270270.0,-0.0001274957,-0.0001215744,0.00017616891965908742,-768.9285711171708
8279279279.0,-0.0001796814,-7.1698e-06,0.0001798243908317223,-769.6503184372921
8288288288.0,-0.0001351973,0.000195779,0.00023792378352802398,-770.6566336674688
8297297297.0,8.76458e-05,0.0002481113,0.00026313685307332,-771.6005653912309
8306306306.0,0.0002858414,4.73682e-05,0.0002897396285032477,-772.6675702201532
8315315315.0,0.0001480374,-0.000264718,0.00030329967247387523,-773.8926895935526
8324324324.0,-0.0001783853,-0.0002140036,0.0002786016081594828,-775.0974624076812
8333333333.0,-0.0002422172,3.73552e-05,0.00024508076820281105,-776.1264018156286
8342342342.0,-0.0001077902,0.0001870143,0.00021585429256915415,-777.0213154196142
8351351351.0,7.46223e-05,0.0001886454,0.00020286836766349257,-777.9208626135755
8360360360.0,0.0002124552,4.71638e-05,0.00021762728697817283,-778.8965265460522
8369369369.0,0.0001892525,-0.0001531602,0.00024346366386031817,-779.7953581935694
8378378378.0,-6.9757e-05,-0.0002858262,0.00029421532192501466,-780.9251489726062
8387387387.0,-0.0002651397,-3.16937e-05,0.00026702724792758507,-782.137599401851
8396396396.0,-0.0001558535,0.0001606253,0.00022380974166094736,-783.057045552018
8405405405.0,3.28046e-05,0.0001935012,0.0001962622128240686,-783.9953021096952
8414414414.0,0.0001700215,8.82962e-05,0.00019158165203560072,-784.919176579162
8423423423.0,0.0001556948,-0.0001030312,0.00018669841702724746,-785.9827551683256
8432432432.0,5.0261e-06,-0.0001955342,0.0001955987859135378,-786.9432609283684
8441441441.0,-0.0001620348,-0.0001556328,0.00022467052509592798,-787.7745083011183
8450450450.0,-0.0002323708,6.07395e-05,0.00024017800805421383,-788.7954260431025
8459459459.0,-4.03235e-05,0.0002548421,0.00025801255896692316,-789.9536240431412
8468468468.0,0.0001931357,0.000134237,0.00023520410452092456,-791.0739594908669
8477477477.0,0.0001876703,-5.36625e-05,0.00019519171449715789,-791.9598572984821
8486486486.0,5.30569e-05,-0.000165434,0.00017373382800597585,-792.9417950907987
8495495495.0,-8.22579e-05,-0.0001650943,0.000184451863652553,-793.7143900351856
8504504505.0,-0.0002236825,-1.22413e-05,0.0002240172096780513,-794.768269664285
8513513514.0,-0.0001289244,0.0001926294,0.0002317921194944297,-795.8039230301333
8522522523.0,0.0001475498,0.0001944544,0.00024409722890561457,-797.0428398698788
8531531532.0,0.0002406337,-1.85191e-05,0.00024134526024038674,-798.0413423215193
8540540541.0,0.0001062174,-0.0001968681,0.0002236944006012891,-799.0405564961877
8549549550.0,-9.2486e-05,-0.0001870114,0.00020863107133396982,-799.9946063537358
8558558559.0,-0.0002005527,-2.99505e-05,0.0002027767687077097,-800.9578824531321
8567567568.0,-0.0001218861,0.0001310615,0.00017897859692002282,-801.9277828476592
8576576577.0,3.52385e-05,0.0001791058,0.0001825394189644801,-802.871188564706
8585585586.0,0.00019709,5.76316e-05,0.0002053432965026129,-803.9632378924236
8594594595.0,0.0001705381,-0.0001639652,0.00023657521079489713,-805.0134702793881
8603603604.0,-4.3586e-05,-0.0002061974,0.00021075366464847059,-806.0268291551922
8612612613.0,-0.0001577302,-8.90852e-05,0.00018114907907875217,-806.8751809752861
8621621622.0,-0.0001836788,9.40707e-05,0.0002063666595357157,-807.8626305551022
8630630631.0,-3.08032e-05,0.000198951,0.0002013214780673935,-808.8064998967418
8639639640.0,0.000175212,0.0001705113,0.00024448588583329307,-809.7591023365732
8648648649.0,0.0002747825,-9.62726e-05,0.00029115946801883325,-810.8678994846646
8657657658.0,-5.3707e-06,-0.0002600778,0.0002601332475315872,-812.122348377588
8666666667.0,-0.0002210385,-0.0001427637,0.0002631339820698573,-813.0990258866983
8675675676.0,-0.0001912972,0.0001153578,0.00022338764681306797,-814.215141166277
8684684685.0,-9.1634e-06,0.0002128836,0.00021308072425379072,-815.2002759811298
8693693694.0,0.0001475426,0.00014476,0.00020669851575364542,-816.0382110692935
8702702703.0,0.0002563827,-3.89566e-05,0.00025932548186179084,-816.9648835595949
8711711712.0,7.25302e-05,-0.0002610308,0.00027092011453688704,-818.1138624320915
8720720721.0,-0.0001895795,-0.000185752,0.0002654132482078655,-819.1804817220095
8729729730.0,-0.0002416945,9.66559e-05,0.0002603048104339603,-820.3361108493184
8738738739.0,-2.4253e-05,0.0001940126,0.00019552262520680313,-821.4021166873034
8747747748.0,0.0001459284,0.0001194622,0.0001885903368558421,-822.4112739017045
8756756757.0,0.0001645462,-1.74648e-05,0.00016547045408011666,-823.2030185294597
8765765766.0,9.2247e-05,-0.0001442577,0.00017123023394917733,-824.099141699454
8774774775.0,-8.12499e-05,-0.0001770509,0.00019480392049653415,-825.098307833155
8783783784.0,-0.000203401,-3.65149e-05,0.00020665261847605513,-826.0612382520069
8792792793.0,-0.0001069507,0.000167936,0.00019910035742431504,-827.2425861139039
8801801802.0,0.000100316,0.0001734455,0.00020036626793512425,-828.3340288660451
8810810811.0,0.0001629312,3.30795e-05,0.00016625531346002148,-829.1801557159856
8819819820.0,0.0001263909,-0.0001072015,0.00016573117149486393,-830.0838936832258
8828828829.0,-1.57472e-05,-0.0001608247,0.00016159380692938081,-831.0488610521063
8837837838.0,-0.0001339786,-0.0001058066,0.00017071995156255168,-831.8536073711135
8846846847.0,-0.0002273702,0.00011596,0.000255233088466288,-832.9936729505137
8855855856.0,6.6631e-06,0.0002548128,0.0002548999018153008,-834.1189925709273
8864864865.0,0.0002240377,5.47815e-05,0.0002306380362462792,-835.4238322874435
8873873874.0,0.0001438752,-0.0001181136,0.00018614751053935694,-836.351028190872
8882882883.0,-1.43287e-05,-0.0001518098,0.0001524845140325076,-837.3285492551871
8891891892.0,-0.0001099977,-6.8456e-05,0.0001295597080163814,-838.2485540836401
8900900901.0,-0.0001310652,2.78309e-05,0.0001339874831685781,-839.0144745722587
8909909910.0,-6.26652e-05,0.0001208739,0.00013615221993140618,-839.8977486212486
8918918919.0,9.82091e-05,0.0001864979,0.00021077593322583107,-840.8607323839627
8927927928.0,0.0002408946,-5.17149e-05,0.00024638311466326177,-842.1583000406954
8936936937.0,6.34401e-05,-0.0002006226,0.00021041405352012493,-843.2113607077199
8945945946.0,-0.0001387804,-0.0001188406,0.0001827103927873836,-844.3802713914962
8954954955.0,-0.0001846764,1.22354e-05,0.00018508127331018663,-845.1545803177004
8963963964.0,-7.4611e-05,0.0001413512,0.00015983417363767987,-846.1735483738547
8972972973.0,5.33116e-05,0.0001393449,0.00014919493238903925,-847.0246261117552
8981981982.0,0.000151366,3.79616e-05,0.0001560536735567606,-847.9842911775843
8990990991.0,0.0001414875,-0.0001099209,0.00017916840377996338,-848.890509226265
9000000000.0,-7.48788e-05,-0.0002143877,0.00022708791381473826,-850.1368355038043
9009009009.0,-0.0002357609,-2.45244e-05,0.0002370330107056188,-851.2679595640219
9018018018.0,-8.0121e-05,0.0001484209,0.00016866575881846913,-852.4474093165016
9027027027.0,3.47414e-05,0.0001267401,0.00013141543981576138,-853.2099489721751
9036036036.0,0.0001189667,4.22785e-05,0.00012625588014480752,-854.1717412951573
9045045045.0,0.000115028,-6.39932e-05,0.0001316304312468815,-855.0208897062112
9054054054.0,7.18703e-05,-0.0001424024,0.00015951107656789857,-855.6165986379161
9063063063.0,-0.0001541096,-0.0001170176,0.00019350164733645034,-857.0053588666232
9072072072.0,-0.0002020623,0.0001161459,0.000233064461400918,-858.1764802141404
9081081081.0,2.06343e-05,0.0001920458,0.00019315114194363439,-859.3326248197224
9090090090.0,0.0001520938,5.51738e-05,0.00016179206471542417,-860.4483888417244
9099099099.0,0.0001107356,-6.95524e-05,0.00013076662209111315,-861.3572084251267
9108108108.0,4.8516e-05,-0.0001313558,0.00014002909858183048,-862.0133771157596
9117117117.0,-7.8164e-05,-0.0001357508,0.00015664574873465285,-862.8896114527832
9126126126.0,-0.0001650747,-3.96282e-05,0.00016976469248736618,-863.7023759199584
9135135135.0,-0.0001614481,0.0001459095,0.00021761220366482207,-864.6728654612076
9144144144.0,8.56275e-05,0.0002176727,0.0002339091128655316,-865.883560215418
9153153153.0,0.0002594711,-4.03101e-05,0.0002625836169627115,-867.2336952202755
9162162162.0,7.21163e-05,-0.0001963567,0.00020918105640946555,-868.2983905139121
9171171171.0,-0.0001124574,-0.0001453648,0.00018378681098979872,-869.308817266184
9180180180.0,-0.0001546646,1.17173e-05,0.00015510781286721183,-870.2967800188152
9189189189.0,-0.0001386792,0.0001367152,0.00019473819970329396,-870.999431738483
9198198198.0,4.82571e-05,0.0001929855,0.00019892750164484548,-872.036992338666
9207207207.0,0.0002208199,6.70578e-05,0.0002307773315922732,-873.0679314495632
9216216216.0,0.0001276667,-0.0001716058,0.00021388627090706405,-874.2939340537301
9225225225.0,-6.42257e-05,-0.000158715,0.00017121738161030847,-875.3180716537838
9234234234.0,-0.0001431681,-1.83188e-05,0.00014433531546731727,-876.377088769159
9243243243.0,-0.0001109234,0.0001046228,0.00015247928038720538,-877.2605259797405
9252252252.0,1.24525e-05,0.0001383474,0.00013890668753882947,-878.1649137004351
9261261261.0,0.0001312742,8.70939e-05,0.00015753813190097819,-879.0601704626974
9270270270.0,0.0001823006,-5.49571e-05,0.0001904042846176787,-879.938742537621
9279279279.0,2.31384e-05,-0.0002115413,0.00021280297732938325,-881.1077923751686
9288288288.0,-0.0001718507,-0.0001160364,0.00020735744311562582,-882.193637386205
9297297297.0,-0.0001240089,7.86454e-05,0.00014684449673164467,-883.3527173606686
9306306306.0,-2.11414e-05,0.0001479158,0.00014941901714172798,-884.2163648917747
9315315315.0,8.92911e-05,0.0001073999,0.0001396697499790846,-885.0519217135059
9324324324.0,0.0001621075,-2.27763e-05,0.00016369972937650202,-886.0687157956661
9333333333.0,0.0001091379,-0.000141021,0.00017831994744674527,-886.8412944157442
9342342342.0,-0.0001272608,-0.00019768,0.0002351014538803195,-888.071909010222
9351351351.0,-0.0002243109,4.87922e-05,0.00022955622108679607,-889.2849049302852
9360360360.0,-4.83363e-05,0.000202695,0.00020837864795292726,-890.4074212433683
9369369369.0,9.76193e-05,0.0001339122,0.00016571664080993796,-891.2714292453467
9378378378.0,0.0001701525,1.52663e-05,0.00017083598324691435,-892.1228319332452
9387387387.0,0.0001101848,-0.0001336806,0.00017323738905732793,-893.0937627184073
9396396396.0,-8.5592e-05,-0.0001575828,0.0001793274360488099,-894.280683253736
9405405405.0,-0.0001953545,-4.81478e-05,0.00020120037603118436,-895.1122586173155
9414414414.0,-9.31373e-05,0.0001661932,0.00019051177490520107,-896.4138977770749
9423423423.0,8.74112e-05,0.0001132052,0.00014302494604956158,-897.582228575066
9432432432.0,0.0001554482,-2.22143e-05,0.00015702744348593974,-898.6374427232298
9441441441.0,0.0001014113,-0.0001086261,0.0001486064647614632,-899.3152336623261
9450450450.0,-7.8383e-06,-0.0001270281,0.00012726970235095233,-900.1279223616406
9459459459.0,-8.75858e-05,-8.28464e-05,0.0001205603515033031,-900.8794943777228
9468468468.0,-0.0001635121,5.76587e-05,0.00017338031183528307,-901.9761043496453
9477477477.0,-3.6484e-05,0.0001953734,0.00019875071744162331,-903.0232743887251
9486486486.0,0.0001901715,0.0001224018,0.0002261579095576584,-904.2067937013481
9495495495.0,0.0001500189,-0.0001311875,0.00019928831002710622,-905.4972157624791
9504504505.0,-1.00423e-05,-0.0001309233,0.0001313078758954694,-906.4260343502083
9513513514.0,-0.0001005812,-7.67002e-05,0.00012648912393356195,-907.2687794328233
9522522523.0,-0.000102374,3.07925e-05,0.00010690469555753855,-908.2124531401028
9531531532.0,-4.38242e-05,0.0001505247,0.00015677450626849378,-909.2077618621153
9540540541.0,9.15992e-05,0.0001642194,0.00018803835985511044,-909.9998741188765
9549549550.0,0.0001960803,6.508e-07,0.00019608138001536504,-911.0585505048562
9558558559.0,8.62719e-05,-0.0001961492,0.0002142833390402763,-912.2183031484212
9567567568.0,-0.000137178,-0.0001444979,0.00019924218124787232,-913.3920829199458
9576576577.0,-0.0001696977,4.49525e-05,0.0001755506668786536,-914.4624121677844
9585585586.0,-8.29825e-05,0.0001093706,0.00013728810382043302,-915.1251950666099
9594594595.0,4.35602e-05,0.0001358469,0.00014265998480180069,-916.0845569281032
9603603604.0,0.0001650091,5.62249e-05,0.00017432510565842203,-917.0166548038522
9612612613.0,0.0001399777,-0.0001167512,0.00018227616190475923,-918.0402277200261
9621621622.0,-2.09933e-05,-0.0002013212,0.00020241280644843102,-919.019753298212
9630630631.0,-0.0001902396,-6.05985e-05,0.00019965791647317668,-920.1782715159567
9639639640.0,-9.64534e-05,0.0001156625,0.00015060236478159963,-921.3623587700397
9648648649.0,5.5585e-06,0.0001540859,0.00015418612616269987,-922.0935022266925
9657657658.0,0.0001263804,9.02996e-05,0.0001553255396395583,-923.0078445792143
9666666667.0,0.000130923,-3.94539e-05,0.00013673859058148141,-923.9209367995414
9675675676.0,7.3525e-05,-0.0001535752,0.00017026822275468785,-924.752528307574
9684684685.0,-0.0001033018,-0.0001750585,0.00020326519698534226,-925.7321438318585
9693693694.0,-0.0002512574,8.30457e-05,0.0002646259045204191,-927.089049603694
9702702703.0,-1.29851e-05,0.0002516753,0.000252010058235976,-928.2890801906916
9711711712.0,0.0001825998,0.0001037217,0.00021000209049180915,-929.3948470217897
9720720721.0,0.0001499314,-5.69981e-05,0.00016040014996741744,-930.2747133193342
9729729730.0,6.03127e-05,-0.0001294533,0.00014281379016810666,-931.0462217899137
9738738739.0,-7.4057e-05,-0.0001571481,0.00017372381696995377,-931.9226110064394
9747747748.0,-0.0001918107,-6.1695e-06,0.0001919098938688154,-933.020864676583
9756756757.0,-0.0001150317,0.0001781763,0.00021208273358899353,-934.0505343086694
9765765766.0,0.0001042847,0.0002074813,0.00023221496184307332,-935.0895575821793
9774774775.0,0.0002149313,-1.09213e-05,0.00021520859302867068,-936.2453800857422
9783783784.0,6.37513e-05,-0.0001464586,0.00015973211876654613,-937.3548569217135
9792792793.0,-7.41477e-05,-0.0001464302,0.0001641331315954521,-938.2341368384581
9801801802.0,-0.0001484322,-2.85991e-05,0.00015116225229087454,-939.1458614328701
9810810811.0,-0.0001528564,0.0001093901,0.00018796614854534312,-939.9573488577647
9819819820.0,-1.50015e-05,0.0001809184,0.00018153928627382557,-940.8242704078975
9828828829.0,0.0001994686,0.0001345392,0.00024060032984723857,-941.884398153698
9837837838.0,0.0001939552,-0.0001154811,0.00022573104364320384,-943.0148270211131
9846846847.0,-1.76629e-05,-0.0002399198,0.00024056909292020454,-944.1220798480578
9855855856.0,-0.0001729098,-0.0001031072,0.00020131789197157815,-945.0816896256056
9864864865.0,-0.0001561656,6.41704e-05,0.00016883582220464946,-946.0092669102515
9873873874.0,-4.02651e-05,0.0002049938,0.00020891083341093155,-946.9962331400461
9882882883.0,0.0001139557,0.0001700524,0.00020470398215044572,-947.7805753747621
9891891892.0,0.0002479124,-3.34821e-05,0.0002501631649427429,-948.8952252792943
9900900901.0,9.10651e-05,-0.0002879722,0.0003020278801879886,-950.0254994119825
9909909910.0,-0.0002088449,-0.0001863569,0.00027990192288303414,-951.1740171531761
9918918919.0,-0.0001953708,8.29804e-05,0.0002122628000305282,-952.3042183992819
9927927928.0,-7.53345e-05,0.000186518,0.00020115727979431915,-953.0895070004256
9936936937.0,0.0001166388,0.0001531966,0.00019254559957838558,-954.124106601788
9945945946.0,0.0001801749,2.90297e-05,0.00018249854265746891,-954.8844200088092
9954954955.0,0.000129816,-0.0001446768,0.0001943799637674624,-955.8836511777464
9963963964.0,-5.08782e-05,-0.0002337365,0.00023920982978859793,-956.8292929753603
9972972973.0,-0.000257492,-6.58023e-05,0.0002657669519509339,-957.9355632122554
9981981982.0,-0.0001694687,0.0001705011,0.00024039605941217088,-958.9741942392698
9990990991.0,5.90717e-05,0.0002569371,0.0002636401697338628,-959.9825359601483
10000000000.0,0.0002217659,9.29486e-05,0.00024045697462284183,-960.9304643243315
