Time,Channel A
(us),(V)

-5.02138976,-0.01113926
-5.01738976,-0.00579852
-5.01338976,0.00122074
-5.00938976,0.00625629
-5.00538976,0.00625629
-5.00138976,0.00122074
-4.99738976,-0.00595111
-4.99338976,-0.01129185
-4.98938976,-0.01220740
-4.98538976,-0.00946074
-4.98138976,-0.00488296
-4.97738976,0.00015259
-4.97338976,0.00534074
-4.96938976,0.01083407
-4.96538976,0.01602222
-4.96138976,0.02014222
-4.95738976,0.02243111
-4.95338976,0.02288888
-4.94938976,0.02182074
-4.94538976,0.01968444
-4.94138976,0.01602222
-4.93738976,0.01098666
-4.93338976,0.00503555
-4.92938976,0.00030519
-4.92538976,-0.00152593
-4.92138976,0.00015259
-4.91738976,0.00350963
-4.91338976,0.00518815
-4.90938976,0.00366222
-4.90538976,-0.00076296
-4.90138976,-0.00625629
-4.89738976,-0.01098666
-4.89338976,-0.01403851
-4.88938976,-0.01541185
-4.88538976,-0.01571703
-4.88138976,-0.01480148
-4.87738976,-0.01220740
-4.87338976,-0.00778222
-4.86938976,-0.00244148
-4.86538976,0.00228889
-4.86138976,0.00503555
-4.85738976,0.00579852
-4.85338976,0.00549333
-4.84938976,0.00518815
-4.84538976,0.00549333
-4.84138976,0.00610370
-4.83738976,0.00640889
-4.83338976,0.00686666
-4.82938976,0.00717185
-4.82538976,0.00778222
-4.82138976,0.00808741
-4.81738976,0.00808741
-4.81338976,0.00717185
-4.80938976,0.00534074
-4.80538976,0.00305185
-4.80138976,0.00152593
-4.79738976,0.00167852
-4.79338976,0.00366222
-4.78938976,0.00625629
-4.78538976,0.00824000
-4.78138976,0.00839259
-4.77738976,0.00686666
-4.77338976,0.00473037
-4.76938976,0.00274667
-4.76538976,0.00213630
-4.76138976,0.00305185
-4.75738976,0.00442518
-4.75338976,0.00457778
-4.74938976,0.00228889
-4.74538976,-0.00213630
-4.74138976,-0.00747703
-4.73738976,-0.01174963
-4.73338976,-0.01342814
-4.72938976,-0.01297037
-4.72538976,-0.01129185
-4.72138977,-0.00885037
-4.71738977,-0.00579852
-4.71338977,-0.00198370
-4.70938977,0.00228889
-4.70538977,0.00564592
-4.70138977,0.00747703
-4.69738977,0.00762963
-4.69338977,0.00671407
-4.68938977,0.00549333
-4.68538977,0.00396741
-4.68138977,0.00183111
-4.67738977,-0.00076296
-4.67338977,-0.00213630
-4.66938977,-0.00106815
-4.66538977,0.00244148
-4.66138977,0.00701926
-4.65738977,0.01037629
-4.65338977,0.01068148
-4.64938977,0.00778222
-4.64538977,0.00350963
-4.64138977,0.00091556
-4.63738977,0.00198370
-4.63338977,0.00671407
-4.62938977,0.01266518
-4.62538977,0.01724296
-4.62138977,0.01876888
-4.61738977,0.01709037
-4.61338977,0.01373333
-4.60938977,0.01129185
-4.60538977,0.01129185
-4.60138977,0.01358074
-4.59738977,0.01663259
-4.59338977,0.01861629
-4.58938977,0.01892148
-4.58538977,0.01815851
-4.58138977,0.01632740
-4.57738977,0.01373333
-4.57338977,0.00991852
-4.56938977,0.00457778
-4.56538977,-0.00106815
-4.56138977,-0.00534074
-4.55738977,-0.00640889
-4.55338977,-0.00396741
-4.54938977,0.00015259
-4.54538977,0.00366222
-4.54138977,0.00564592
-4.53738977,0.00640889
-4.53338977,0.00656148
-4.52938977,0.00579852
-4.52538977,0.00305185
-4.52138977,-0.00167852
-4.51738977,-0.00717185
-4.51338977,-0.01098666
-4.50938977,-0.01129185
-4.50538977,-0.00808741
-4.50138977,-0.00320444
-4.49738977,0.00106815
-4.49338977,0.00350963
-4.48938977,0.00396741
-4.48538977,0.00366222
-4.48138977,0.00350963
-4.47738977,0.00427259
-4.47338977,0.00579852
-4.46938977,0.00717185
-4.46538977,0.00824000
-4.46138977,0.00778222
-4.45738977,0.00579852
-4.45338977,0.00305185
-4.44938977,0.00183111
-4.44538977,0.00366222
-4.44138977,0.00900296
-4.43738977,0.01541185
-4.43338977,0.01968444
-4.42938977,0.01937925
-4.42538977,0.01495407
-4.42138977,0.00824000
-4.41738977,0.00244148
-4.41338977,-0.00106815
-4.40938977,-0.00244148
-4.40538977,-0.00259407
-4.40138977,-0.00228889
-4.39738977,-0.00198370
-4.39338977,-0.00137333
-4.38938977,-0.00061037
-4.38538977,0.00122074
-4.38138977,0.00549333
-4.37738977,0.01190222
-4.37338977,0.01892148
-4.36938978,0.02410962
-4.36538978,0.02548296
-4.36138978,0.02273629
-4.35738978,0.01800592
-4.35338978,0.01388592
-4.34938978,0.01236000
-4.34538978,0.01358074
-4.34138978,0.01571703
-4.33738978,0.01648000
-4.33338978,0.01480148
-4.32938978,0.01113926
-4.32538978,0.00656148
-4.32138978,0.00213630
-4.31738978,-0.00152593
-4.31338978,-0.00442518
-4.30938978,-0.00656148
-4.30538978,-0.00762963
-4.30138978,-0.00701926
-4.29738978,-0.00457778
-4.29338978,-0.00137333
-4.28938978,0.00259407
-4.28538978,0.00762963
-4.28138978,0.01358074
-4.27738978,0.01937925
-4.27338978,0.02380444
-4.26938978,0.02517777
-4.26538978,0.02365185
-4.26138978,0.02029481
-4.25738978,0.01663259
-4.25338978,0.01358074
-4.24938978,0.01098666
-4.24538978,0.00854518
-4.24138978,0.00625629
-4.23738978,0.00488296
-4.23338978,0.00442518
-4.22938978,0.00442518
-4.22538978,0.00457778
-4.22138978,0.00457778
-4.21738978,0.00503555
-4.21338978,0.00549333
-4.20938978,0.00564592
-4.20538978,0.00518815
-4.20138978,0.00427259
-4.19738978,0.00320444
-4.19338978,0.00198370
-4.18938978,0.00076296
-4.18538978,-0.00061037
-4.18138978,-0.00198370
-4.17738978,-0.00289926
-4.17338978,-0.00289926
-4.16938978,-0.00198370
-4.16538978,-0.00076296
-4.16138978,0.00061037
-4.15738978,0.00167852
-4.15338978,0.00213630
-4.14938978,0.00259407
-4.14538978,0.00335704
-4.14138978,0.00518815
-4.13738978,0.00778222
-4.13338978,0.01052889
-4.12938978,0.01266518
-4.12538978,0.01403851
-4.12138978,0.01449629
-4.11738978,0.01419111
-4.11338978,0.01342814
-4.10938978,0.01190222
-4.10538978,0.01007111
-4.10138978,0.00778222
-4.09738978,0.00534074
-4.09338978,0.00320444
-4.08938978,0.00137333
-4.08538978,-0.00015259
-4.08138978,-0.00137333
-4.07738978,-0.00183111
-4.07338978,-0.00167852
-4.06938978,-0.00106815
-4.06538978,-0.00015259
-4.06138978,0.00152593
-4.05738978,0.00412000
-4.05338978,0.00701926
-4.04938978,0.00869778
-4.04538978,0.00824000
-4.04138978,0.00579852
-4.03738978,0.00213630
-4.03338978,-0.00137333
-4.02938978,-0.00457778
-4.02538978,-0.00762963
-4.02138978,-0.01037629
-4.01738979,-0.01190222
-4.01338979,-0.01129185
-4.00938979,-0.00854518
-4.00538979,-0.00473037
-4.00138979,-0.00091556
-3.99738979,0.00183111
-3.99338979,0.00381481
-3.98938979,0.00503555
-3.98538979,0.00656148
-3.98138979,0.00854518
-3.97738979,0.01083407
-3.97338979,0.01281777
-3.96938979,0.01419111
-3.96538979,0.01388592
-3.96138979,0.01190222
-3.95738979,0.00900296
-3.95338979,0.00701926
-3.94938979,0.00732444
-3.94538979,0.00961333
-3.94138979,0.01281777
-3.93738979,0.01541185
-3.93338979,0.01663259
-3.92938979,0.01663259
-3.92538979,0.01586962
-3.92138979,0.01510666
-3.91738979,0.01510666
-3.91338979,0.01617481
-3.90938979,0.01709037
-3.90538979,0.01678518
-3.90138979,0.01388592
-3.89738979,0.00869778
-3.89338979,0.00259407
-3.88938979,-0.00259407
-3.88538979,-0.00549333
-3.88138979,-0.00610370
-3.87738979,-0.00534074
-3.87338979,-0.00412000
-3.86938979,-0.00259407
-3.86538979,-0.00045778
-3.86138979,0.00213630
-3.85738979,0.00396741
-3.85338979,0.00427259
-3.84938979,0.00244148
-3.84538979,-0.00015259
-3.84138979,-0.00152593
-3.83738979,-0.00015259
-3.83338979,0.00381481
-3.82938979,0.00885037
-3.82538979,0.01266518
-3.82138979,0.01358074
-3.81738979,0.01190222
-3.81338979,0.00885037
-3.80938979,0.00625629
-3.80538979,0.00534074
-3.80138979,0.00579852
-3.79738979,0.00671407
-3.79338979,0.00778222
-3.78938979,0.00885037
-3.78538979,0.00976592
-3.78138979,0.01052889
-3.77738979,0.01190222
-3.77338979,0.01464888
-3.76938979,0.01892148
-3.76538979,0.02349925
-3.76138979,0.02639851
-3.75738979,0.02655110
-3.75338979,0.02365185
-3.74938979,0.01922666
-3.74538979,0.01510666
-3.74138979,0.01236000
-3.73738979,0.01098666
-3.73338979,0.01007111
-3.72938979,0.00946074
-3.72538979,0.00991852
-3.72138979,0.01190222
-3.71738979,0.01434370
-3.71338979,0.01525925
-3.70938979,0.01297037
-3.70538979,0.00747703
-3.70138979,0.00076296
-3.69738979,-0.00442518
-3.69338979,-0.00534074
-3.68938979,-0.00228889
-3.68538979,0.00259407
-3.68138979,0.00656148
-3.67738979,0.00824000
-3.67338979,0.00747703
-3.66938979,0.00564592
-3.66538979,0.00442518
-3.66138980,0.00488296
-3.65738980,0.00701926
-3.65338980,0.00961333
-3.64938980,0.01113926
-3.64538980,0.01007111
-3.64138980,0.00671407
-3.63738980,0.00228889
-3.63338980,-0.00137333
-3.62938980,-0.00259407
-3.62538980,-0.00152593
-3.62138980,0.00045778
-3.61738980,0.00198370
-3.61338980,0.00213630
-3.60938980,0.00091556
-3.60538980,-0.00061037
-3.60138980,-0.00183111
-3.59738980,-0.00183111
-3.59338980,-0.00122074
-3.58938980,-0.00015259
-3.58538980,0.00152593
-3.58138980,0.00427259
-3.57738980,0.00824000
-3.57338980,0.01236000
-3.56938980,0.01525925
-3.56538980,0.01525925
-3.56138980,0.01220740
-3.55738980,0.00778222
-3.55338980,0.00412000
-3.54938980,0.00320444
-3.54538980,0.00457778
-3.54138980,0.00701926
-3.53738980,0.00900296
-3.53338980,0.01022370
-3.52938980,0.01129185
-3.52538980,0.01190222
-3.52138980,0.01159703
-3.51738980,0.00961333
-3.51338980,0.00579852
-3.50938980,0.00137333
-3.50538980,-0.00198370
-3.50138980,-0.00305185
-3.49738980,-0.00137333
-3.49338980,0.00152593
-3.48938980,0.00366222
-3.48538980,0.00412000
-3.48138980,0.00335704
-3.47738980,0.00183111
-3.47338980,0.00030519
-3.46938980,-0.00122074
-3.46538980,-0.00305185
-3.46138980,-0.00473037
-3.45738980,-0.00564592
-3.45338980,-0.00503555
-3.44938980,-0.00289926
-3.44538980,0.00000000
-3.44138980,0.00244148
-3.43738980,0.00350963
-3.43338980,0.00335704
-3.42938980,0.00259407
-3.42538980,0.00198370
-3.42138980,0.00244148
-3.41738980,0.00366222
-3.41338980,0.00518815
-3.40938980,0.00595111
-3.40538980,0.00549333
-3.40138980,0.00366222
-3.39738980,0.00122074
-3.39338980,-0.00091556
-3.38938980,-0.00183111
-3.38538980,-0.00152593
-3.38138980,-0.00076296
-3.37738980,-0.00015259
-3.37338980,-0.00061037
-3.36938980,-0.00213630
-3.36538980,-0.00381481
-3.36138980,-0.00473037
-3.35738980,-0.00396741
-3.35338980,-0.00183111
-3.34938980,0.00091556
-3.34538980,0.00350963
-3.34138980,0.00534074
-3.33738980,0.00671407
-3.33338980,0.00747703
-3.32938980,0.00778222
-3.32538980,0.00717185
-3.32138980,0.00534074
-3.31738980,0.00305185
-3.31338980,0.00152593
-3.30938981,0.00137333
-3.30538981,0.00305185
-3.30138981,0.00534074
-3.29738981,0.00701926
-3.29338981,0.00717185
-3.28938981,0.00579852
-3.28538981,0.00381481
-3.28138981,0.00228889
-3.27738981,0.00198370
-3.27338981,0.00289926
-3.26938981,0.00427259
-3.26538981,0.00549333
-3.26138981,0.00656148
-3.25738981,0.00732444
-3.25338981,0.00778222
-3.24938981,0.00839259
-3.24538981,0.00961333
-3.24138981,0.01144444
-3.23738981,0.01327555
-3.23338981,0.01388592
-3.22938981,0.01190222
-3.22538981,0.00717185
-3.22138981,0.00137333
-3.21738981,-0.00259407
-3.21338981,-0.00244148
-3.20938981,0.00213630
-3.20538981,0.00854518
-3.20138981,0.01281777
-3.19738981,0.01251259
-3.19338981,0.00778222
-3.18938981,0.00091556
-3.18538981,-0.00457778
-3.18138981,-0.00686666
-3.17738981,-0.00595111
-3.17338981,-0.00350963
-3.16938981,-0.00198370
-3.16538981,-0.00259407
-3.16138981,-0.00549333
-3.15738981,-0.00885037
-3.15338981,-0.01144444
-3.14938981,-0.01174963
-3.14538981,-0.00991852
-3.14138981,-0.00701926
-3.13738981,-0.00473037
-3.13338981,-0.00396741
-3.12938981,-0.00518815
-3.12538981,-0.00701926
-3.12138981,-0.00747703
-3.11738981,-0.00518815
-3.11338981,-0.00061037
-3.10938981,0.00488296
-3.10538981,0.00991852
-3.10138981,0.01327555
-3.09738981,0.01510666
-3.09338981,0.01571703
-3.08938981,0.01617481
-3.08538981,0.01724296
-3.08138981,0.01815851
-3.07738981,0.01876888
-3.07338981,0.01922666
-3.06938981,0.01998962
-3.06538981,0.02121036
-3.06138981,0.02227851
-3.05738981,0.02227851
-3.05338981,0.02121036
-3.04938981,0.01907407
-3.04538981,0.01648000
-3.04138981,0.01312296
-3.03738981,0.00930815
-3.03338981,0.00518815
-3.02938981,0.00106815
-3.02538981,-0.00259407
-3.02138981,-0.00534074
-3.01738981,-0.00701926
-3.01338981,-0.00793481
-3.00938981,-0.00808741
-3.00538981,-0.00686666
-3.00138981,-0.00427259
-2.99738981,-0.00106815
-2.99338981,0.00213630
-2.98938981,0.00518815
-2.98538981,0.00808741
-2.98138981,0.01068148
-2.97738981,0.01205481
-2.97338981,0.01129185
-2.96938981,0.00824000
-2.96538981,0.00396741
-2.96138981,0.00045778
-2.95738981,-0.00122074
-2.95338982,-0.00091556
-2.94938982,0.00030519
-2.94538982,0.00122074
-2.94138982,0.00091556
-2.93738982,-0.00045778
-2.93338982,-0.00213630
-2.92938982,-0.00259407
-2.92538982,-0.00061037
-2.92138982,0.00396741
-2.91738982,0.00946074
-2.91338982,0.01342814
-2.90938982,0.01403851
-2.90538982,0.01129185
-2.90138982,0.00671407
-2.89738982,0.00305185
-2.89338982,0.00167852
-2.88938982,0.00289926
-2.88538982,0.00503555
-2.88138982,0.00595111
-2.87738982,0.00381481
-2.87338982,-0.00122074
-2.86938982,-0.00717185
-2.86538982,-0.01159703
-2.86138982,-0.01236000
-2.85738982,-0.01022370
-2.85338982,-0.00640889
-2.84938982,-0.00183111
-2.84538982,0.00396741
-2.84138982,0.01083407
-2.83738982,0.01785333
-2.83338982,0.02334666
-2.82938982,0.02548296
-2.82538982,0.02426222
-2.82138982,0.02075259
-2.81738982,0.01739555
-2.81338982,0.01541185
-2.80938982,0.01449629
-2.80538982,0.01373333
-2.80138982,0.01236000
-2.79738982,0.01007111
-2.79338982,0.00686666
-2.78938982,0.00335704
-2.78538982,0.00076296
-2.78138982,0.00015259
-2.77738982,0.00167852
-2.77338982,0.00427259
-2.76938982,0.00656148
-2.76538982,0.00778222
-2.76138982,0.00824000
-2.75738982,0.00839259
-2.75338982,0.00808741
-2.74938982,0.00793481
-2.74538982,0.00762963
-2.74138982,0.00732444
-2.73738982,0.00640889
-2.73338982,0.00473037
-2.72938982,0.00228889
-2.72538982,-0.00045778
-2.72138982,-0.00244148
-2.71738982,-0.00320444
-2.71338982,-0.00259407
-2.70938982,-0.00137333
-2.70538982,0.00000000
-2.70138982,0.00122074
-2.69738982,0.00259407
-2.69338982,0.00396741
-2.68938982,0.00473037
-2.68538982,0.00457778
-2.68138982,0.00335704
-2.67738982,0.00137333
-2.67338982,0.00030519
-2.66938982,0.00045778
-2.66538982,0.00167852
-2.66138982,0.00335704
-2.65738982,0.00564592
-2.65338982,0.00900296
-2.64938982,0.01342814
-2.64538982,0.01815851
-2.64138982,0.02090518
-2.63738982,0.02014222
-2.63338982,0.01556444
-2.62938982,0.00915555
-2.62538982,0.00427259
-2.62138982,0.00320444
-2.61738982,0.00579852
-2.61338982,0.00991852
-2.60938982,0.01342814
-2.60538982,0.01525925
-2.60138983,0.01602222
-2.59738983,0.01602222
-2.59338983,0.01525925
-2.58938983,0.01342814
-2.58538983,0.01052889
-2.58138983,0.00701926
-2.57738983,0.00381481
-2.57338983,0.00167852
-2.56938983,0.00061037
-2.56538983,0.00030519
-2.56138983,0.00000000
-2.55738983,0.00000000
-2.55338983,0.00030519
-2.54938983,0.00091556
-2.54538983,0.00152593
-2.54138983,0.00213630
-2.53738983,0.00259407
-2.53338983,0.00305185
-2.52938983,0.00381481
-2.52538983,0.00564592
-2.52138983,0.00839259
-2.51738983,0.01144444
-2.51338983,0.01327555
-2.50938983,0.01266518
-2.50538983,0.00961333
-2.50138983,0.00534074
-2.49738983,0.00198370
-2.49338983,0.00045778
-2.48938983,0.00091556
-2.48538983,0.00228889
-2.48138983,0.00366222
-2.47738983,0.00518815
-2.47338983,0.00671407
-2.46938983,0.00824000
-2.46538983,0.00946074
-2.46138983,0.00976592
-2.45738983,0.00946074
-2.45338983,0.00854518
-2.44938983,0.00732444
-2.44538983,0.00625629
-2.44138983,0.00503555
-2.43738983,0.00381481
-2.43338983,0.00274667
-2.42938983,0.00228889
-2.42538983,0.00213630
-2.42138983,0.00228889
-2.41738983,0.00320444
-2.41338983,0.00534074
-2.40938983,0.00900296
-2.40538983,0.01312296
-2.40138983,0.01602222
-2.39738983,0.01663259
-2.39338983,0.01480148
-2.38938983,0.01159703
-2.38538983,0.00915555
-2.38138983,0.00900296
-2.37738983,0.01052889
-2.37338983,0.01281777
-2.36938983,0.01495407
-2.36538983,0.01724296
-2.36138983,0.01968444
-2.35738983,0.02182074
-2.35338983,0.02258370
-2.34938983,0.02075259
-2.34538983,0.01648000
-2.34138983,0.01098666
-2.33738983,0.00579852
-2.33338983,0.00259407
-2.32938983,0.00122074
-2.32538983,0.00091556
-2.32138983,0.00045778
-2.31738983,-0.00015259
-2.31338983,-0.00076296
-2.30938983,-0.00106815
-2.30538983,-0.00122074
-2.30138983,-0.00106815
-2.29738983,-0.00015259
-2.29338983,0.00076296
-2.28938983,0.00152593
-2.28538983,0.00122074
-2.28138983,-0.00030519
-2.27738983,-0.00228889
-2.27338983,-0.00289926
-2.26938983,-0.00030519
-2.26538983,0.00610370
-2.26138983,0.01388592
-2.25738983,0.01815851
-2.25338983,0.01525925
-2.24938984,0.00503555
-2.24538984,-0.00824000
-2.24138984,-0.01831111
-2.23738984,-0.02090518
-2.23338984,-0.01663259
-2.22938984,-0.00885037
-2.22538984,-0.00122074
-2.22138984,0.00518815
-2.21738984,0.01083407
-2.21338984,0.01586962
-2.20938984,0.01892148
-2.20538984,0.01846370
-2.20138984,0.01373333
-2.19738984,0.00686666
-2.19338984,0.00183111
-2.18938984,0.00167852
-2.18538984,0.00610370
-2.18138984,0.01251259
-2.17738984,0.01739555
-2.17338984,0.01907407
-2.16938984,0.01785333
-2.16538984,0.01495407
-2.16138984,0.01205481
-2.15738984,0.00991852
-2.15338984,0.00839259
-2.14938984,0.00686666
-2.14538984,0.00549333
-2.14138984,0.00442518
-2.13738984,0.00396741
-2.13338984,0.00366222
-2.12938984,0.00350963
-2.12538984,0.00320444
-2.12138984,0.00305185
-2.11738984,0.00305185
-2.11338984,0.00289926
-2.10938984,0.00274667
-2.10538984,0.00213630
-2.10138984,0.00152593
-2.09738984,0.00183111
-2.09338984,0.00427259
-2.08938984,0.00885037
-2.08538984,0.01434370
-2.08138984,0.01770074
-2.07738984,0.01724296
-2.07338984,0.01251259
-2.06938984,0.00595111
-2.06538984,0.00076296
-2.06138984,-0.00061037
-2.05738984,0.00152593
-2.05338984,0.00518815
-2.04938984,0.00824000
-2.04538984,0.00991852
-2.04138984,0.01052889
-2.03738984,0.01037629
-2.03338984,0.00946074
-2.02938984,0.00717185
-2.02538984,0.00320444
-2.02138984,-0.00122074
-2.01738984,-0.00488296
-2.01338984,-0.00701926
-2.00938984,-0.00732444
-2.00538984,-0.00671407
-2.00138984,-0.00579852
-1.99738984,-0.00427259
-1.99338984,-0.00198370
-1.98938984,0.00061037
-1.98538984,0.00213630
-1.98138984,0.00106815
-1.97738984,-0.00259407
-1.97338984,-0.00732444
-1.96938984,-0.01068148
-1.96538984,-0.01129185
-1.96138984,-0.00915555
-1.95738984,-0.00564592
-1.95338984,-0.00228889
-1.94938984,0.00030519
-1.94538984,0.00183111
-1.94138984,0.00289926
-1.93738984,0.00457778
-1.93338984,0.00762963
-1.92938984,0.01190222
-1.92538984,0.01648000
-1.92138984,0.01907407
-1.91738984,0.01846370
-1.91338984,0.01434370
-1.90938984,0.00839259
-1.90538984,0.00335704
-1.90138984,0.00061037
-1.89738984,0.00015259
-1.89338985,0.00061037
-1.88938985,0.00122074
-1.88538985,0.00213630
-1.88138985,0.00350963
-1.87738985,0.00503555
-1.87338985,0.00610370
-1.86938985,0.00564592
-1.86538985,0.00366222
-1.86138985,0.00106815
-1.85738985,-0.00061037
-1.85338985,0.00000000
-1.84938985,0.00289926
-1.84538985,0.00656148
-1.84138985,0.00915555
-1.83738985,0.00961333
-1.83338985,0.00778222
-1.82938985,0.00503555
-1.82538985,0.00244148
-1.82138985,0.00091556
-1.81738985,0.00045778
-1.81338985,0.00030519
-1.80938985,0.00030519
-1.80538985,0.00000000
-1.80138985,-0.00030519
-1.79738985,-0.00061037
-1.79338985,-0.00030519
-1.78938985,0.00061037
-1.78538985,0.00228889
-1.78138985,0.00412000
-1.77738985,0.00595111
-1.77338985,0.00762963
-1.76938985,0.00900296
-1.76538985,0.00991852
-1.76138985,0.01083407
-1.75738985,0.01190222
-1.75338985,0.01312296
-1.74938985,0.01388592
-1.74538985,0.01419111
-1.74138985,0.01312296
-1.73738985,0.01098666
-1.73338985,0.00808741
-1.72938985,0.00595111
-1.72538985,0.00595111
-1.72138985,0.00824000
-1.71738985,0.01159703
-1.71338985,0.01297037
-1.70938985,0.01052889
-1.70538985,0.00427259
-1.70138985,-0.00350963
-1.69738985,-0.00930815
-1.69338985,-0.01037629
-1.68938985,-0.00686666
-1.68538985,-0.00122074
-1.68138985,0.00396741
-1.67738985,0.00747703
-1.67338985,0.00961333
-1.66938985,0.01098666
-1.66538985,0.01190222
-1.66138985,0.01220740
-1.65738985,0.01190222
-1.65338985,0.01098666
-1.64938985,0.00961333
-1.64538985,0.00824000
-1.64138985,0.00625629
-1.63738985,0.00427259
-1.63338985,0.00305185
-1.62938985,0.00320444
-1.62538985,0.00457778
-1.62138985,0.00671407
-1.61738985,0.00915555
-1.61338985,0.01236000
-1.60938985,0.01693777
-1.60538985,0.02136296
-1.60138985,0.02395703
-1.59738985,0.02273629
-1.59338985,0.01831111
-1.58938985,0.01190222
-1.58538985,0.00549333
-1.58138985,0.00091556
-1.57738985,-0.00030519
-1.57338985,-0.00030519
-1.56938985,-0.00564592
-1.56538985,-0.01663259
-1.56138985,-0.02731407
-1.55738985,-0.03830073
-1.55338985,-0.06698813
-1.54938985,-0.12207404
-1.54538985,-0.19028291
-1.54138986,-0.26215398
-1.53738986,-0.35660878
-1.53338986,-0.48554948
-1.52938986,-0.62852871
-1.52538986,-0.76693016
-1.52138986,-0.91982788
-1.51738986,-1.10232854
-1.51338986,-1.28910184
-1.50938986,-1.45420694
-1.50538986,-1.61519206
-1.50138986,-1.78853726
-1.49738986,-1.94799650
-1.49338986,-2.06762910
-1.48938986,-2.17444372
-1.48538986,-2.30017996
-1.48138986,-2.42454290
-1.47738986,-2.50892663
-1.47338986,-2.56691194
-1.46938986,-2.63100076
-1.46538986,-2.68868065
-1.46138986,-2.70455027
-1.45738986,-2.69722581
-1.45338986,-2.71202731
-1.44938986,-2.74208808
-1.44538986,-2.74300361
-1.44138986,-2.72179317
-1.43738986,-2.73018575
-1.43338986,-2.77275920
-1.42938986,-2.79427481
-1.42538986,-2.76528215
-1.42138986,-2.71630001
-1.41738986,-2.66487622
-1.41338986,-2.57835627
-1.40938986,-2.42973113
-1.40538986,-2.24173713
-1.40138986,-2.03756833
-1.39738986,-1.80700099
-1.39338986,-1.55262911
-1.38938986,-1.31839967
-1.38538986,-1.13025296
-1.38138986,-0.96163821
-1.37738986,-0.79103976
-1.37338986,-0.64836574
-1.36938986,-0.55818355
-1.36538986,-0.49714652
-1.36138986,-0.43671986
-1.35738986,-0.38880581
-1.35338986,-0.36866361
-1.34938986,-0.36317027
-1.34538986,-0.35309917
-1.34138986,-0.34073916
-1.33738986,-0.33280435
-1.33338986,-0.32502213
-1.32938986,-0.31311992
-1.32538986,-0.30121768
-1.32138986,-0.29084140
-1.31738986,-0.27878657
-1.31338986,-0.26642659
-1.30938986,-0.26078066
-1.30538986,-0.26306954
-1.30138986,-0.26612139
-1.29738986,-0.26627401
-1.29338986,-0.26703694
-1.28938986,-0.26963103
-1.28538986,-0.26993620
-1.28138986,-0.26581621
-1.27738986,-0.26017028
-1.27338986,-0.25345623
-1.26938986,-0.24353771
-1.26538986,-0.23209326
-1.26138986,-0.22476882
-1.25738986,-0.22232734
-1.25338986,-0.21958068
-1.24938986,-0.21500289
-1.24538986,-0.21225624
-1.24138986,-0.21225624
-1.23738986,-0.21134068
-1.23338986,-0.20798364
-1.22938986,-0.20523697
-1.22538986,-0.20386365
-1.22138986,-0.20096439
-1.21738986,-0.19501327
-1.21338986,-0.18845180
-1.20938986,-0.18173772
-1.20538986,-0.17303994
-1.20138986,-0.16464736
-1.19738986,-0.16144292
-1.19338986,-0.16434218
-1.18938986,-0.16800439
-1.18538987,-0.16937773
-1.18138987,-0.16953032
-1.17738987,-0.16937773
-1.17338987,-0.16708884
-1.16938987,-0.16312143
-1.16538987,-0.16052736
-1.16138987,-0.15945922
-1.15738987,-0.15732291
-1.15338987,-0.15366070
-1.14938987,-0.15121922
-1.14538987,-0.15045625
-1.14138987,-0.14877774
-1.13738987,-0.14587848
-1.13338987,-0.14435256
-1.12938987,-0.14404736
-1.12538987,-0.14282662
-1.12138987,-0.14099552
-1.11738987,-0.14175847
-1.11338987,-0.14542070
-1.10938987,-0.14847255
-1.10538987,-0.14923552
-1.10138987,-0.14923552
-1.09738987,-0.14877774
-1.09338987,-0.14633626
-1.08938987,-0.14206366
-1.08538987,-0.13824885
-1.08138987,-0.13534959
-1.07738987,-0.13107699
-1.07338987,-0.12619403
-1.06938987,-0.12344737
-1.06538987,-0.12359996
-1.06138987,-0.12344737
-1.05738987,-0.12207404
-1.05338987,-0.12131108
-1.04938987,-0.12161626
-1.04538987,-0.12100589
-1.04138987,-0.11886960
-1.03738987,-0.11642811
-1.03338987,-0.11413923
-1.02938987,-0.11062960
-1.02538987,-0.10666219
-1.02138987,-0.10498367
-1.01738987,-0.10620441
-1.01338987,-0.10727256
-1.00938987,-0.10635701
-1.00538987,-0.10345775
-1.00138987,-0.09903257
-0.99738987,-0.09292886
-0.99338987,-0.08743553
-0.98938987,-0.08606219
-0.98538987,-0.08850367
-0.98138987,-0.09186071
-0.97738987,-0.09430219
-0.97338987,-0.09704886
-0.96938987,-0.10040589
-0.96538987,-0.10269479
-0.96138987,-0.10299997
-0.95738987,-0.10177923
-0.95338987,-0.09903257
-0.94938987,-0.09430219
-0.94538987,-0.08911405
-0.94138987,-0.08590961
-0.93738987,-0.08423109
-0.93338987,-0.08239998
-0.92938987,-0.08117923
-0.92538987,-0.08285775
-0.92138987,-0.08789331
-0.91738987,-0.09323405
-0.91338987,-0.09643849
-0.90938987,-0.09674367
-0.90538987,-0.09445479
-0.90138987,-0.08987701
-0.89738987,-0.08499405
-0.89338987,-0.08224738
-0.88938987,-0.08163701
-0.88538987,-0.08102664
-0.88138987,-0.07980590
-0.87738987,-0.07950072
-0.87338987,-0.08011109
-0.86938987,-0.08041627
-0.86538987,-0.07995850
-0.86138987,-0.07995850
-0.85738987,-0.08102664
-0.85338987,-0.08133183
-0.84938987,-0.08026368
-0.84538987,-0.07827998
-0.84138987,-0.07507554
-0.83738987,-0.07080294
-0.83338988,-0.06729332
-0.82938988,-0.06744590
-0.82538988,-0.07171850
-0.82138988,-0.07690664
-0.81738988,-0.07950072
-0.81338988,-0.07858516
-0.80938988,-0.07400738
-0.80538988,-0.06729332
-0.80138988,-0.06118961
-0.79738988,-0.05813776
-0.79338988,-0.05844295
-0.78938988,-0.05935850
-0.78538988,-0.06012146
-0.78138988,-0.06118961
-0.77738988,-0.06302072
-0.77338988,-0.06454664
-0.76938988,-0.06530961
-0.76538988,-0.06622516
-0.76138988,-0.06729332
-0.75738988,-0.06744590
-0.75338988,-0.06683554
-0.74938988,-0.06653035
-0.74538988,-0.06622516
-0.74138988,-0.06530961
-0.73738988,-0.06378368
-0.73338988,-0.06286813
-0.72938988,-0.06256294
-0.72538988,-0.06179998
-0.72138988,-0.06057924
-0.71738988,-0.05996887
-0.71338988,-0.06057924
-0.70938988,-0.06103702
-0.70538988,-0.05966369
-0.70138988,-0.05600147
-0.69738988,-0.04989776
-0.69338988,-0.04257332
-0.68938988,-0.03677480
-0.68538988,-0.03585925
-0.68138988,-0.03997925
-0.67738988,-0.04593036
-0.67338988,-0.05050813
-0.66938988,-0.05310221
-0.66538988,-0.05371258
-0.66138988,-0.05294961
-0.65738988,-0.05157628
-0.65338988,-0.05081332
-0.64938988,-0.05050813
-0.64538988,-0.04959258
-0.64138988,-0.04837184
-0.63738988,-0.04806665
-0.63338988,-0.04852443
-0.62938988,-0.04882962
-0.62538988,-0.04852443
-0.62138988,-0.04867702
-0.61738988,-0.04898221
-0.61338988,-0.04898221
-0.60938988,-0.04837184
-0.60538988,-0.04791406
-0.60138988,-0.04806665
-0.59738988,-0.04776147
-0.59338988,-0.04638813
-0.58938988,-0.04409925
-0.58538988,-0.04104739
-0.58138988,-0.03723258
-0.57738988,-0.03402814
-0.57338988,-0.03311258
-0.56938988,-0.03479110
-0.56538988,-0.03723258
-0.56138988,-0.03845332
-0.55738988,-0.03814813
-0.55338988,-0.03646962
-0.54938988,-0.03387555
-0.54538988,-0.03158666
-0.54138988,-0.03082369
-0.53738988,-0.03173925
-0.53338988,-0.03295999
-0.52938988,-0.03402814
-0.52538988,-0.03524888
-0.52138988,-0.03646962
-0.51738988,-0.03738517
-0.51338988,-0.03845332
-0.50938988,-0.04074221
-0.50538988,-0.04425184
-0.50138988,-0.04760887
-0.49738988,-0.04959258
-0.49338988,-0.05050813
-0.48938988,-0.05035554
-0.48538988,-0.04882962
-0.48138989,-0.04623554
-0.47738989,-0.04272591
-0.47338989,-0.03814813
-0.46938989,-0.03265481
-0.46538989,-0.02838221
-0.46138989,-0.02792444
-0.45738989,-0.03158666
-0.45338989,-0.03662221
-0.44938989,-0.03967406
-0.44538989,-0.03875851
-0.44138989,-0.03418073
-0.43738989,-0.02777184
-0.43338989,-0.02258370
-0.42938989,-0.02105777
-0.42538989,-0.02349925
-0.42138989,-0.02731407
-0.41738989,-0.02975555
-0.41338989,-0.02975555
-0.40938989,-0.02746666
-0.40538989,-0.02395703
-0.40138989,-0.02105777
-0.39738989,-0.02044740
-0.39338989,-0.02197333
-0.38938989,-0.02395703
-0.38538989,-0.02594073
-0.38138989,-0.02807703
-0.37738989,-0.03051851
-0.37338989,-0.03265481
-0.36938989,-0.03402814
-0.36538989,-0.03494369
-0.36138989,-0.03509629
-0.35738989,-0.03448591
-0.35338989,-0.03341777
-0.34938989,-0.03280740
-0.34538989,-0.03250221
-0.34138989,-0.03189184
-0.33738989,-0.03082369
-0.33338989,-0.02914518
-0.32938989,-0.02700888
-0.32538989,-0.02441481
-0.32138989,-0.02288888
-0.31738989,-0.02471999
-0.31338989,-0.03006073
-0.30938989,-0.03646962
-0.30538989,-0.04089480
-0.30138989,-0.04165776
-0.29738989,-0.03891110
-0.29338989,-0.03433332
-0.28938989,-0.02960295
-0.28538989,-0.02594073
-0.28138989,-0.02304148
-0.27738989,-0.02044740
-0.27338989,-0.01876888
-0.26938989,-0.01998962
-0.26538989,-0.02395703
-0.26138989,-0.02899258
-0.25738989,-0.03280740
-0.25338989,-0.03463851
-0.24938989,-0.03433332
-0.24538989,-0.03280740
-0.24138989,-0.03051851
-0.23738989,-0.02777184
-0.23338989,-0.02441481
-0.22938989,-0.02059999
-0.22538989,-0.01739555
-0.22138989,-0.01678518
-0.21738989,-0.01892148
-0.21338989,-0.02197333
-0.20938989,-0.02380444
-0.20538989,-0.02288888
-0.20138989,-0.01983703
-0.19738989,-0.01556444
-0.19338989,-0.01174963
-0.18938989,-0.00961333
-0.18538989,-0.00915555
-0.18138989,-0.00930815
-0.17738989,-0.00991852
-0.17338989,-0.01159703
-0.16938989,-0.01403851
-0.16538989,-0.01678518
-0.16138989,-0.01937925
-0.15738989,-0.02197333
-0.15338989,-0.02471999
-0.14938989,-0.02700888
-0.14538989,-0.02777184
-0.14138989,-0.02609333
-0.13738989,-0.02182074
-0.13338989,-0.01617481
-0.12938989,-0.01144444
-0.12538990,-0.00946074
-0.12138990,-0.01022370
-0.11738990,-0.01205481
-0.11338990,-0.01342814
-0.10938990,-0.01388592
-0.10538990,-0.01358074
-0.10138990,-0.01297037
-0.09738990,-0.01205481
-0.09338990,-0.01068148
-0.08938990,-0.00869778
-0.08538990,-0.00640889
-0.08138990,-0.00534074
-0.07738990,-0.00701926
-0.07338990,-0.01159703
-0.06938990,-0.01709037
-0.06538990,-0.02105777
-0.06138990,-0.02166814
-0.05738990,-0.01907407
-0.05338990,-0.01464888
-0.04938990,-0.01098666
-0.04538990,-0.00946074
-0.04138990,-0.00976592
-0.03738990,-0.01098666
-0.03338990,-0.01205481
-0.02938990,-0.01358074
-0.02538990,-0.01586962
-0.02138990,-0.01815851
-0.01738990,-0.01876888
-0.01338990,-0.01617481
-0.00938990,-0.01022370
-0.00538990,-0.00274667
-0.00138990,0.00259407
0.00261010,0.00305185
0.00661010,-0.00152593
0.01061010,-0.00824000
0.01461010,-0.01358074
0.01861010,-0.01556444
0.02261010,-0.01480148
0.02661010,-0.01236000
0.03061010,-0.01007111
0.03461010,-0.00854518
0.03861010,-0.00717185
0.04261010,-0.00595111
0.04661010,-0.00549333
0.05061010,-0.00656148
0.05461010,-0.00976592
0.05861010,-0.01342814
0.06261010,-0.01602222
0.06661010,-0.01632740
0.07061010,-0.01388592
0.07461010,-0.01022370
0.07861010,-0.00778222
0.08261010,-0.00854518
0.08661010,-0.01251259
0.09061010,-0.01754814
0.09461010,-0.02090518
0.09861010,-0.02059999
0.10261010,-0.01693777
0.10661010,-0.01159703
0.11061010,-0.00701926
0.11461010,-0.00488296
0.11861010,-0.00488296
0.12261010,-0.00579852
0.12661010,-0.00701926
0.13061010,-0.00930815
0.13461010,-0.01251259
0.13861010,-0.01602222
0.14261010,-0.01846370
0.14661010,-0.01892148
0.15061010,-0.01709037
0.15461010,-0.01419111
0.15861010,-0.01144444
0.16261010,-0.00961333
0.16661010,-0.00869778
0.17061010,-0.00808741
0.17461010,-0.00747703
0.17861010,-0.00686666
0.18261010,-0.00625629
0.18661010,-0.00579852
0.19061010,-0.00534074
0.19461010,-0.00503555
0.19861010,-0.00473037
0.20261010,-0.00457778
0.20661010,-0.00457778
0.21061010,-0.00503555
0.21461010,-0.00579852
0.21861010,-0.00686666
0.22261010,-0.00778222
0.22661009,-0.00885037
0.23061009,-0.00991852
0.23461009,-0.01098666
0.23861009,-0.01144444
0.24261009,-0.01144444
0.24661009,-0.01113926
0.25061009,-0.01037629
0.25461009,-0.00915555
0.25861009,-0.00732444
0.26261009,-0.00473037
0.26661009,-0.00198370
0.27061009,-0.00015259
0.27461009,-0.00061037
0.27861009,-0.00350963
0.28261009,-0.00747703
0.28661009,-0.00991852
0.29061009,-0.00946074
0.29461009,-0.00595111
0.29861009,-0.00091556
0.30261009,0.00259407
0.30661009,0.00320444
0.31061009,0.00076296
0.31461009,-0.00274667
0.31861009,-0.00610370
0.32261009,-0.00824000
0.32661009,-0.00976592
0.33061009,-0.01083407
0.33461009,-0.01083407
0.33861009,-0.00930815
0.34261009,-0.00579852
0.34661009,-0.00152593
0.35061009,0.00183111
0.35461009,0.00274667
0.35861009,0.00152593
0.36261009,-0.00061037
0.36661009,-0.00320444
0.37061009,-0.00640889
0.37461009,-0.01052889
0.37861009,-0.01480148
0.38261009,-0.01709037
0.38661009,-0.01586962
0.39061009,-0.01083407
0.39461009,-0.00427259
0.39861009,0.00152593
0.40261009,0.00488296
0.40661009,0.00595111
0.41061009,0.00595111
0.41461009,0.00473037
0.41861009,0.00167852
0.42261009,-0.00350963
0.42661009,-0.00961333
0.43061009,-0.01434370
0.43461009,-0.01632740
0.43861009,-0.01525925
0.44261009,-0.01266518
0.44661009,-0.01052889
0.45061009,-0.01007111
0.45461009,-0.01159703
0.45861009,-0.01358074
0.46261009,-0.01403851
0.46661009,-0.01144444
0.47061009,-0.00579852
0.47461009,0.00122074
0.47861009,0.00625629
0.48261009,0.00686666
0.48661009,0.00289926
0.49061009,-0.00289926
0.49461009,-0.00747703
0.49861009,-0.00885037
0.50261009,-0.00747703
0.50661009,-0.00473037
0.51061009,-0.00198370
0.51461009,0.00030519
0.51861009,0.00198370
0.52261009,0.00350963
0.52661009,0.00473037
0.53061009,0.00549333
0.53461009,0.00549333
0.53861009,0.00503555
0.54261009,0.00442518
0.54661009,0.00366222
0.55061009,0.00274667
0.55461009,0.00167852
0.55861009,0.00045778
0.56261009,-0.00045778
0.56661009,-0.00106815
0.57061009,-0.00152593
0.57461009,-0.00213630
0.57861009,-0.00305185
0.58261008,-0.00427259
0.58661008,-0.00534074
0.59061008,-0.00656148
0.59461008,-0.00854518
0.59861008,-0.01113926
0.60261008,-0.01373333
0.60661008,-0.01495407
0.61061008,-0.01419111
0.61461008,-0.01098666
0.61861008,-0.00686666
0.62261008,-0.00289926
0.62661008,-0.00045778
0.63061008,0.00076296
0.63461008,0.00122074
0.63861008,0.00152593
0.64261008,0.00137333
0.64661008,0.00045778
0.65061008,-0.00076296
0.65461008,-0.00167852
0.65861008,-0.00167852
0.66261008,-0.00106815
0.66661008,0.00000000
0.67061008,0.00076296
0.67461008,0.00106815
0.67861008,0.00076296
0.68261008,0.00015259
0.68661008,0.00000000
0.69061008,0.00122074
0.69461008,0.00381481
0.69861008,0.00671407
0.70261008,0.00824000
0.70661008,0.00701926
0.71061008,0.00274667
0.71461008,-0.00289926
0.71861008,-0.00717185
0.72261008,-0.00854518
0.72661008,-0.00701926
0.73061008,-0.00412000
0.73461008,-0.00152593
0.73861008,0.00045778
0.74261008,0.00167852
0.74661008,0.00259407
0.75061008,0.00335704
0.75461008,0.00381481
0.75861008,0.00412000
0.76261008,0.00396741
0.76661008,0.00320444
0.77061008,0.00122074
0.77461008,-0.00259407
0.77861008,-0.00686666
0.78261008,-0.00946074
0.78661008,-0.00824000
0.79061008,-0.00320444
0.79461008,0.00350963
0.79861008,0.00854518
0.80261008,0.00976592
0.80661008,0.00717185
0.81061008,0.00274667
0.81461008,-0.00061037
0.81861008,-0.00152593
0.82261008,0.00000000
0.82661008,0.00228889
0.83061008,0.00427259
0.83461008,0.00549333
0.83861008,0.00564592
0.84261008,0.00549333
0.84661008,0.00549333
0.85061008,0.00625629
0.85461008,0.00778222
0.85861008,0.00930815
0.86261008,0.01037629
0.86661008,0.01037629
0.87061008,0.00930815
0.87461008,0.00778222
0.87861008,0.00625629
0.88261008,0.00473037
0.88661008,0.00350963
0.89061008,0.00244148
0.89461008,0.00152593
0.89861008,0.00122074
0.90261008,0.00167852
0.90661008,0.00259407
0.91061008,0.00305185
0.91461008,0.00289926
0.91861008,0.00259407
0.92261008,0.00198370
0.92661008,0.00061037
0.93061008,-0.00198370
0.93461007,-0.00610370
0.93861007,-0.01068148
0.94261007,-0.01358074
0.94661007,-0.01342814
0.95061007,-0.01022370
0.95461007,-0.00549333
0.95861007,-0.00122074
0.96261007,0.00137333
0.96661007,0.00198370
0.97061007,0.00183111
0.97461007,0.00228889
0.97861007,0.00412000
0.98261007,0.00717185
0.98661007,0.01037629
0.99061007,0.01251259
0.99461007,0.01236000
0.99861007,0.00991852
1.00261007,0.00640889
1.00661007,0.00320444
1.01061007,0.00106815
1.01461007,0.00015259
1.01861007,-0.00015259
1.02261007,-0.00030519
1.02661007,-0.00061037
1.03061007,-0.00091556
1.03461007,-0.00106815
1.03861007,-0.00030519
1.04261007,0.00274667
1.04661007,0.00824000
1.05061007,0.01434370
1.05461007,0.01831111
1.05861007,0.01770074
1.06261007,0.01220740
1.06661007,0.00473037
1.07061007,-0.00137333
1.07461007,-0.00320444
1.07861007,-0.00076296
1.08261007,0.00350963
1.08661007,0.00625629
1.09061007,0.00595111
1.09461007,0.00289926
1.09861007,-0.00137333
1.10261007,-0.00518815
1.10661007,-0.00808741
1.11061007,-0.00991852
1.11461007,-0.01113926
1.11861007,-0.01190222
1.12261007,-0.01251259
1.12661007,-0.01266518
1.13061007,-0.01236000
1.13461007,-0.01159703
1.13861007,-0.01083407
1.14261007,-0.00991852
1.14661007,-0.00900296
1.15061007,-0.00717185
1.15461007,-0.00350963
1.15861007,0.00183111
1.16261007,0.00778222
1.16661007,0.01174963
1.17061007,0.01098666
1.17461007,0.00549333
1.17861007,-0.00213630
1.18261007,-0.00808741
1.18661007,-0.00991852
1.19061007,-0.00793481
1.19461007,-0.00396741
1.19861007,-0.00030519
1.20261007,0.00228889
1.20661007,0.00396741
1.21061007,0.00518815
1.21461007,0.00625629
1.21861007,0.00732444
1.22261007,0.00824000
1.22661007,0.00885037
1.23061007,0.00885037
1.23461007,0.00793481
1.23861007,0.00625629
1.24261007,0.00396741
1.24661007,0.00213630
1.25061007,0.00152593
1.25461007,0.00198370
1.25861007,0.00289926
1.26261007,0.00366222
1.26661007,0.00412000
1.27061007,0.00427259
1.27461007,0.00412000
1.27861007,0.00412000
1.28261007,0.00412000
1.28661006,0.00412000
1.29061006,0.00396741
1.29461006,0.00396741
1.29861006,0.00457778
1.30261006,0.00595111
1.30661006,0.00732444
1.31061006,0.00793481
1.31461006,0.00747703
1.31861006,0.00595111
1.32261006,0.00396741
1.32661006,0.00167852
1.33061006,-0.00106815
1.33461006,-0.00381481
1.33861006,-0.00656148
1.34261006,-0.00915555
1.34661006,-0.01113926
1.35061006,-0.01297037
1.35461006,-0.01419111
1.35861006,-0.01403851
1.36261006,-0.01174963
1.36661006,-0.00686666
1.37061006,-0.00106815
1.37461006,0.00381481
1.37861006,0.00640889
1.38261006,0.00656148
1.38661006,0.00549333
1.39061006,0.00442518
1.39461006,0.00350963
1.39861006,0.00274667
1.40261006,0.00183111
1.40661006,0.00091556
1.41061006,0.00015259
1.41461006,-0.00030519
1.41861006,-0.00045778
1.42261006,-0.00091556
1.42661006,-0.00228889
1.43061006,-0.00473037
1.43461006,-0.00747703
1.43861006,-0.00854518
1.44261006,-0.00595111
1.44661006,0.00000000
1.45061006,0.00762963
1.45461006,0.01312296
1.45861006,0.01449629
1.46261006,0.01144444
1.46661006,0.00640889
1.47061006,0.00213630
1.47461006,0.00030519
1.47861006,0.00076296
1.48261006,0.00213630
1.48661006,0.00320444
1.49061006,0.00320444
1.49461006,0.00259407
1.49861006,0.00152593
1.50261006,0.00091556
1.50661006,0.00106815
1.51061006,0.00167852
1.51461006,0.00259407
1.51861006,0.00396741
1.52261006,0.00564592
1.52661006,0.00778222
1.53061006,0.01007111
1.53461006,0.01190222
1.53861006,0.01342814
1.54261006,0.01480148
1.54661006,0.01556444
1.55061006,0.01541185
1.55461006,0.01327555
1.55861006,0.00900296
1.56261006,0.00396741
1.56661006,0.00015259
1.57061006,-0.00030519
1.57461006,0.00228889
1.57861006,0.00625629
1.58261006,0.01022370
1.58661006,0.01403851
1.59061006,0.01754814
1.59461006,0.02090518
1.59861006,0.02288888
1.60261006,0.02288888
1.60661006,0.02105777
1.61061006,0.01815851
1.61461006,0.01403851
1.61861006,0.00854518
1.62261006,0.00167852
1.62661006,-0.00564592
1.63061006,-0.01129185
1.63461006,-0.01312296
1.63861006,-0.01113926
1.64261005,-0.00701926
1.64661005,-0.00289926
1.65061005,0.00061037
1.65461005,0.00381481
1.65861005,0.00686666
1.66261005,0.00885037
1.66661005,0.00869778
1.67061005,0.00625629
1.67461005,0.00244148
1.67861005,-0.00015259
1.68261005,-0.00030519
1.68661005,0.00244148
1.69061005,0.00610370
1.69461005,0.00839259
1.69861005,0.00808741
1.70261005,0.00503555
1.70661005,0.00091556
1.71061005,-0.00244148
1.71461005,-0.00366222
1.71861005,-0.00320444
1.72261005,-0.00183111
1.72661005,-0.00015259
1.73061005,0.00198370
1.73461005,0.00427259
1.73861005,0.00671407
1.74261005,0.00946074
1.74661005,0.01281777
1.75061005,0.01678518
1.75461005,0.02059999
1.75861005,0.02319407
1.76261005,0.02365185
1.76661005,0.02166814
1.77061005,0.01831111
1.77461005,0.01556444
1.77861005,0.01480148
1.78261005,0.01648000
1.78661005,0.01876888
1.79061005,0.01922666
1.79461005,0.01586962
1.79861005,0.00885037
1.80261005,0.00045778
1.80661005,-0.00610370
1.81061005,-0.00839259
1.81461005,-0.00625629
1.81861005,-0.00198370
1.82261005,0.00152593
1.82661005,0.00244148
1.83061005,0.00137333
1.83461005,-0.00045778
1.83861005,-0.00213630
1.84261005,-0.00350963
1.84661005,-0.00442518
1.85061005,-0.00534074
1.85461005,-0.00595111
1.85861005,-0.00671407
1.86261005,-0.00762963
1.86661005,-0.00824000
1.87061005,-0.00839259
1.87461005,-0.00778222
1.87861005,-0.00640889
1.88261005,-0.00457778
1.88661005,-0.00289926
1.89061005,-0.00213630
1.89461005,-0.00213630
1.89861005,-0.00259407
1.90261005,-0.00289926
1.90661005,-0.00289926
1.91061005,-0.00244148
1.91461005,-0.00198370
1.91861005,-0.00198370
1.92261005,-0.00305185
1.92661005,-0.00534074
1.93061005,-0.00793481
1.93461005,-0.00946074
1.93861005,-0.00915555
1.94261005,-0.00671407
1.94661005,-0.00320444
1.95061005,-0.00076296
1.95461005,-0.00045778
1.95861005,-0.00244148
1.96261005,-0.00549333
1.96661005,-0.00747703
1.97061005,-0.00762963
1.97461005,-0.00625629
1.97861005,-0.00427259
1.98261005,-0.00152593
1.98661005,0.00228889
1.99061005,0.00762963
1.99461004,0.01312296
1.99861004,0.01663259
2.00261004,0.01586962
2.00661004,0.01052889
2.01061004,0.00320444
2.01461004,-0.00305185
2.01861004,-0.00610370
2.02261004,-0.00640889
2.02661004,-0.00518815
2.03061004,-0.00381481
2.03461004,-0.00259407
2.03861004,-0.00183111
2.04261004,-0.00076296
2.04661004,0.00106815
2.05061004,0.00473037
2.05461004,0.01007111
2.05861004,0.01602222
2.06261004,0.01998962
2.06661004,0.02014222
2.07061004,0.01632740
2.07461004,0.01037629
2.07861004,0.00564592
2.08261004,0.00473037
2.08661004,0.00747703
2.09061004,0.01159703
2.09461004,0.01434370
2.09861004,0.01403851
2.10261004,0.01129185
2.10661004,0.00717185
2.11061004,0.00366222
2.11461004,0.00137333
2.11861004,0.00015259
2.12261004,-0.00030519
2.12661004,-0.00015259
2.13061004,0.00106815
2.13461004,0.00366222
2.13861004,0.00671407
2.14261004,0.00930815
2.14661004,0.01144444
2.15061004,0.01266518
2.15461004,0.01342814
2.15861004,0.01373333
2.16261004,0.01312296
2.16661004,0.01144444
2.17061004,0.00930815
2.17461004,0.00747703
2.17861004,0.00732444
2.18261004,0.00930815
2.18661004,0.01190222
2.19061004,0.01251259
2.19461004,0.00900296
2.19861004,0.00137333
2.20261004,-0.00793481
2.20661004,-0.01480148
2.21061004,-0.01617481
2.21461004,-0.01220740
2.21861004,-0.00564592
2.22261004,0.00030519
2.22661004,0.00427259
2.23061004,0.00656148
2.23461004,0.00793481
2.23861004,0.00824000
2.24261004,0.00656148
2.24661004,0.00259407
2.25061004,-0.00244148
2.25461004,-0.00595111
2.25861004,-0.00579852
2.26261004,-0.00198370
2.26661004,0.00335704
2.27061004,0.00778222
2.27461004,0.01007111
2.27861004,0.00991852
2.28261004,0.00869778
2.28661004,0.00808741
2.29061004,0.00946074
2.29461004,0.01297037
2.29861004,0.01693777
2.30261004,0.01922666
2.30661004,0.01800592
2.31061004,0.01342814
2.31461004,0.00717185
2.31861004,0.00213630
2.32261004,0.00030519
2.32661004,0.00152593
2.33061004,0.00412000
2.33461004,0.00625629
2.33861004,0.00671407
2.34261004,0.00579852
2.34661004,0.00442518
2.35061003,0.00335704
2.35461003,0.00366222
2.35861003,0.00518815
2.36261003,0.00701926
2.36661003,0.00793481
2.37061003,0.00671407
2.37461003,0.00350963
2.37861003,-0.00061037
2.38261003,-0.00412000
2.38661003,-0.00610370
2.39061003,-0.00701926
2.39461003,-0.00701926
2.39861003,-0.00640889
2.40261003,-0.00488296
2.40661003,-0.00228889
2.41061003,0.00076296
2.41461003,0.00320444
2.41861003,0.00350963
2.42261003,0.00183111
2.42661003,-0.00076296
2.43061003,-0.00244148
2.43461003,-0.00137333
2.43861003,0.00198370
2.44261003,0.00625629
2.44661003,0.00946074
2.45061003,0.01052889
2.45461003,0.00915555
2.45861003,0.00686666
2.46261003,0.00473037
2.46661003,0.00350963
2.47061003,0.00320444
2.47461003,0.00335704
2.47861003,0.00320444
2.48261003,0.00244148
2.48661003,0.00137333
2.49061003,0.00015259
2.49461003,-0.00061037
2.49861003,0.00000000
2.50261003,0.00183111
2.50661003,0.00427259
2.51061003,0.00579852
2.51461003,0.00549333
2.51861003,0.00289926
2.52261003,-0.00045778
2.52661003,-0.00244148
2.53061003,-0.00152593
2.53461003,0.00244148
2.53861003,0.00762963
2.54261003,0.01144444
2.54661003,0.01266518
2.55061003,0.01129185
2.55461003,0.00854518
2.55861003,0.00579852
2.56261003,0.00305185
2.56661003,0.00000000
2.57061003,-0.00305185
2.57461003,-0.00473037
2.57861003,-0.00350963
2.58261003,0.00091556
2.58661003,0.00671407
2.59061003,0.01098666
2.59461003,0.01159703
2.59861003,0.00854518
2.60261003,0.00381481
2.60661003,0.00045778
2.61061003,0.00045778
2.61461003,0.00396741
2.61861003,0.00854518
2.62261003,0.01205481
2.62661003,0.01281777
2.63061003,0.01113926
2.63461003,0.00824000
2.63861003,0.00518815
2.64261003,0.00244148
2.64661003,-0.00045778
2.65061003,-0.00305185
2.65461003,-0.00503555
2.65861003,-0.00579852
2.66261003,-0.00518815
2.66661003,-0.00381481
2.67061003,-0.00213630
2.67461003,0.00015259
2.67861003,0.00320444
2.68261003,0.00625629
2.68661003,0.00854518
2.69061003,0.00885037
2.69461003,0.00701926
2.69861003,0.00427259
2.70261002,0.00183111
2.70661002,0.00091556
2.71061002,0.00106815
2.71461002,0.00183111
2.71861002,0.00259407
2.72261002,0.00305185
2.72661002,0.00335704
2.73061002,0.00350963
2.73461002,0.00396741
2.73861002,0.00534074
2.74261002,0.00762963
2.74661002,0.01007111
2.75061002,0.01113926
2.75461002,0.00961333
2.75861002,0.00518815
2.76261002,-0.00030519
2.76661002,-0.00473037
2.77061002,-0.00640889
2.77461002,-0.00564592
2.77861002,-0.00366222
2.78261002,-0.00106815
2.78661002,0.00228889
2.79061002,0.00656148
2.79461002,0.01113926
2.79861002,0.01419111
2.80261002,0.01419111
2.80661002,0.01083407
2.81061002,0.00579852
2.81461002,0.00213630
2.81861002,0.00228889
2.82261002,0.00610370
2.82661002,0.01144444
2.83061002,0.01495407
2.83461002,0.01495407
2.83861002,0.01144444
2.84261002,0.00625629
2.84661002,0.00183111
2.85061002,-0.00091556
2.85461002,-0.00167852
2.85861002,-0.00152593
2.86261002,-0.00167852
2.86661002,-0.00289926
2.87061002,-0.00488296
2.87461002,-0.00701926
2.87861002,-0.00793481
2.88261002,-0.00625629
2.88661002,-0.00183111
2.89061002,0.00350963
2.89461002,0.00793481
2.89861002,0.00976592
2.90261002,0.00885037
2.90661002,0.00671407
2.91061002,0.00503555
2.91461002,0.00518815
2.91861002,0.00686666
2.92261002,0.00915555
2.92661002,0.01068148
2.93061002,0.01083407
2.93461002,0.00976592
2.93861002,0.00808741
2.94261002,0.00625629
2.94661002,0.00396741
2.95061002,0.00122074
2.95461002,-0.00167852
2.95861002,-0.00320444
2.96261002,-0.00167852
2.96661002,0.00305185
2.97061002,0.00900296
2.97461002,0.01342814
2.97861002,0.01480148
2.98261002,0.01281777
2.98661002,0.00930815
2.99061002,0.00610370
2.99461002,0.00457778
2.99861002,0.00442518
3.00261002,0.00457778
3.00661002,0.00488296
3.01061002,0.00518815
3.01461002,0.00610370
3.01861002,0.00701926
3.02261002,0.00686666
3.02661002,0.00457778
3.03061002,-0.00015259
3.03461002,-0.00579852
3.03861002,-0.00946074
3.04261002,-0.00869778
3.04661002,-0.00366222
3.05061002,0.00335704
3.05461001,0.00915555
3.05861001,0.01144444
3.06261001,0.01068148
3.06661001,0.00839259
3.07061001,0.00625629
3.07461001,0.00488296
3.07861001,0.00442518
3.08261001,0.00412000
3.08661001,0.00350963
3.09061001,0.00228889
3.09461001,0.00030519
3.09861001,-0.00183111
3.10261001,-0.00305185
3.10661001,-0.00244148
3.11061001,0.00015259
3.11461001,0.00350963
3.11861001,0.00610370
3.12261001,0.00701926
3.12661001,0.00595111
3.13061001,0.00396741
3.13461001,0.00244148
3.13861001,0.00213630
3.14261001,0.00335704
3.14661001,0.00503555
3.15061001,0.00534074
3.15461001,0.00289926
3.15861001,-0.00244148
3.16261001,-0.00885037
3.16661001,-0.01327555
3.17061001,-0.01358074
3.17461001,-0.00976592
3.17861001,-0.00412000
3.18261001,0.00137333
3.18661001,0.00610370
3.19061001,0.01022370
3.19461001,0.01373333
3.19861001,0.01571703
3.20261001,0.01464888
3.20661001,0.01037629
3.21061001,0.00442518
3.21461001,-0.00030519
3.21861001,-0.00213630
3.22261001,-0.00091556
3.22661001,0.00167852
3.23061001,0.00366222
3.23461001,0.00412000
3.23861001,0.00335704
3.24261001,0.00213630
3.24661001,0.00091556
3.25061001,0.00030519
3.25461001,-0.00015259
3.25861001,-0.00045778
3.26261001,-0.00015259
3.26661001,0.00137333
3.27061001,0.00396741
3.27461001,0.00701926
3.27861001,0.00976592
3.28261001,0.01190222
3.28661001,0.01342814
3.29061001,0.01449629
3.29461001,0.01525925
3.29861001,0.01602222
3.30261001,0.01709037
3.30661001,0.01770074
3.31061001,0.01739555
3.31461001,0.01586962
3.31861001,0.01281777
3.32261001,0.00915555
3.32661001,0.00640889
3.33061001,0.00625629
3.33461001,0.00900296
3.33861001,0.01281777
3.34261001,0.01495407
3.34661001,0.01327555
3.35061001,0.00808741
3.35461001,0.00152593
3.35861001,-0.00396741
3.36261001,-0.00671407
3.36661001,-0.00671407
3.37061001,-0.00518815
3.37461001,-0.00396741
3.37861001,-0.00427259
3.38261001,-0.00579852
3.38661001,-0.00747703
3.39061001,-0.00808741
3.39461001,-0.00610370
3.39861001,-0.00167852
3.40261001,0.00381481
3.40661001,0.00778222
3.41061000,0.00854518
3.41461000,0.00579852
3.41861000,0.00167852
3.42261000,-0.00167852
3.42661000,-0.00213630
3.43061000,0.00000000
3.43461000,0.00305185
3.43861000,0.00518815
3.44261000,0.00457778
3.44661000,0.00122074
3.45061000,-0.00335704
3.45461000,-0.00595111
3.45861000,-0.00442518
3.46261000,0.00152593
3.46661000,0.00915555
3.47061000,0.01464888
3.47461000,0.01495407
3.47861000,0.00991852
3.48261000,0.00274667
3.48661000,-0.00259407
3.49061000,-0.00274667
3.49461000,0.00183111
3.49861000,0.00839259
3.50261000,0.01342814
3.50661000,0.01464888
3.51061000,0.01190222
3.51461000,0.00747703
3.51861000,0.00442518
3.52261000,0.00488296
3.52661000,0.00885037
3.53061000,0.01403851
3.53461000,0.01754814
3.53861000,0.01800592
3.54261000,0.01541185
3.54661000,0.01129185
3.55061000,0.00717185
3.55461000,0.00366222
3.55861000,0.00091556
3.56261000,-0.00152593
3.56661000,-0.00335704
3.57061000,-0.00427259
3.57461000,-0.00396741
3.57861000,-0.00289926
3.58261000,-0.00152593
3.58661000,0.00076296
3.59061000,0.00366222
3.59461000,0.00686666
3.59861000,0.00961333
3.60261000,0.01129185
3.60661000,0.01174963
3.61061000,0.01159703
3.61461000,0.01144444
3.61861000,0.01220740
3.62261000,0.01403851
3.62661000,0.01586962
3.63061000,0.01663259
3.63461000,0.01495407
3.63861000,0.01129185
3.64261000,0.00656148
3.64661000,0.00259407
3.65061000,0.00076296
3.65461000,0.00122074
3.65861000,0.00274667
3.66261000,0.00366222
3.66661000,0.00320444
3.67061000,0.00167852
3.67461000,-0.00030519
3.67861000,-0.00183111
3.68261000,-0.00244148
3.68661000,-0.00213630
3.69061000,-0.00152593
3.69461000,-0.00030519
3.69861000,0.00167852
3.70261000,0.00457778
3.70661000,0.00762963
3.71061000,0.00991852
3.71461000,0.01098666
3.71861000,0.01113926
3.72261000,0.01052889
3.72661000,0.00869778
3.73061000,0.00488296
3.73461000,-0.00091556
3.73861000,-0.00762963
3.74261000,-0.01251259
3.74661000,-0.01403851
3.75061000,-0.01220740
3.75461000,-0.00839259
3.75861000,-0.00457778
3.76260999,-0.00091556
3.76660999,0.00289926
3.77060999,0.00656148
3.77460999,0.00854518
3.77860999,0.00717185
3.78260999,0.00198370
3.78660999,-0.00488296
3.79060999,-0.01037629
3.79460999,-0.01251259
3.79860999,-0.01129185
3.80260999,-0.00869778
3.80660999,-0.00610370
3.81060999,-0.00457778
3.81460999,-0.00412000
3.81860999,-0.00381481
3.82260999,-0.00289926
3.82660999,-0.00061037
3.83060999,0.00259407
3.83460999,0.00625629
3.83860999,0.00946074
3.84260999,0.01159703
3.84660999,0.01281777
3.85060999,0.01312296
3.85460999,0.01297037
3.85860999,0.01159703
3.86260999,0.00915555
3.86660999,0.00595111
3.87060999,0.00366222
3.87460999,0.00396741
3.87860999,0.00701926
3.88260999,0.01113926
3.88660999,0.01342814
3.89060999,0.01220740
3.89460999,0.00717185
3.89860999,0.00076296
3.90260999,-0.00396741
3.90660999,-0.00412000
3.91060999,0.00045778
3.91460999,0.00701926
3.91860999,0.01129185
3.92260999,0.00991852
3.92660999,0.00320444
3.93060999,-0.00579852
3.93460999,-0.01220740
3.93860999,-0.01281777
3.94260999,-0.00762963
3.94660999,0.00015259
3.95060999,0.00595111
3.95460999,0.00686666
3.95860999,0.00289926
3.96260999,-0.00305185
3.96660999,-0.00701926
3.97060999,-0.00640889
3.97460999,-0.00137333
3.97860999,0.00534074
3.98260999,0.01068148
3.98660999,0.01266518
3.99060999,0.01129185
3.99460999,0.00824000
3.99860999,0.00625629
4.00260999,0.00701926
4.00660999,0.01037629
4.01060999,0.01464888
4.01460999,0.01770074
4.01860999,0.01831111
4.02260999,0.01663259
4.02660999,0.01373333
4.03060999,0.01098666
4.03460999,0.00915555
4.03860999,0.00839259
4.04260999,0.00808741
4.04660999,0.00686666
4.05060999,0.00412000
4.05460999,-0.00030519
4.05860999,-0.00534074
4.06260999,-0.00839259
4.06660999,-0.00778222
4.07060999,-0.00320444
4.07460999,0.00305185
4.07860999,0.00824000
4.08260999,0.01052889
4.08660999,0.01068148
4.09060999,0.00961333
4.09460999,0.00732444
4.09860999,0.00289926
4.10260999,-0.00381481
4.10660999,-0.01144444
4.11060999,-0.01693777
4.11460999,-0.01754814
4.11860998,-0.01358074
4.12260998,-0.00732444
4.12660998,-0.00152593
4.13060998,0.00213630
4.13460998,0.00350963
4.13860998,0.00396741
4.14260998,0.00457778
4.14660998,0.00579852
4.15060998,0.00686666
4.15460998,0.00762963
4.15860998,0.00885037
4.16260998,0.01113926
4.16660998,0.01464888
4.17060998,0.01815851
4.17460998,0.02014222
4.17860998,0.01983703
4.18260998,0.01678518
4.18660998,0.01251259
4.19060998,0.00839259
4.19460998,0.00518815
4.19860998,0.00320444
4.20260998,0.00167852
4.20660998,0.00030519
4.21060998,-0.00076296
4.21460998,-0.00152593
4.21860998,-0.00183111
4.22260998,-0.00167852
4.22660998,-0.00015259
4.23060998,0.00244148
4.23460998,0.00549333
4.23860998,0.00793481
4.24260998,0.00930815
4.24660998,0.00961333
4.25060998,0.00915555
4.25460998,0.00854518
4.25860998,0.00778222
4.26260998,0.00656148
4.26660998,0.00518815
4.27060998,0.00442518
4.27460998,0.00518815
4.27860998,0.00793481
4.28260998,0.01129185
4.28660998,0.01327555
4.29060998,0.01251259
4.29460998,0.00930815
4.29860998,0.00488296
4.30260998,0.00045778
4.30660998,-0.00335704
4.31060998,-0.00701926
4.31460998,-0.01007111
4.31860998,-0.01190222
4.32260998,-0.01129185
4.32660998,-0.00824000
4.33060998,-0.00366222
4.33460998,0.00045778
4.33860998,0.00335704
4.34260998,0.00503555
4.34660998,0.00595111
4.35060998,0.00701926
4.35460998,0.00824000
4.35860998,0.00946074
4.36260998,0.01037629
4.36660998,0.01113926
4.37060998,0.01236000
4.37460998,0.01403851
4.37860998,0.01556444
4.38260998,0.01571703
4.38660998,0.01312296
4.39060998,0.00778222
4.39460998,0.00122074
4.39860998,-0.00366222
4.40260998,-0.00457778
4.40660998,-0.00152593
4.41060998,0.00350963
4.41460998,0.00747703
4.41860998,0.00946074
4.42260998,0.00961333
4.42660998,0.00885037
4.43060998,0.00778222
4.43460998,0.00640889
4.43860998,0.00473037
4.44260998,0.00274667
4.44660998,0.00122074
4.45060998,0.00061037
4.45460998,0.00137333
4.45860998,0.00259407
4.46260998,0.00335704
4.46660998,0.00289926
4.47060997,0.00137333
4.47460997,-0.00076296
4.47860997,-0.00198370
4.48260997,-0.00106815
4.48660997,0.00198370
4.49060997,0.00595111
4.49460997,0.00869778
4.49860997,0.00900296
4.50260997,0.00701926
4.50660997,0.00396741
4.51060997,0.00091556
4.51460997,-0.00137333
4.51860997,-0.00335704
4.52260997,-0.00503555
4.52660997,-0.00579852
4.53060997,-0.00503555
4.53460997,-0.00289926
4.53860997,0.00000000
4.54260997,0.00289926
4.54660997,0.00564592
4.55060997,0.00869778
4.55460997,0.01144444
4.55860997,0.01266518
4.56260997,0.01083407
4.56660997,0.00595111
4.57060997,-0.00015259
4.57460997,-0.00518815
4.57860997,-0.00717185
4.58260997,-0.00564592
4.58660997,-0.00244148
4.59060997,-0.00091556
4.59460997,-0.00289926
4.59860997,-0.00839259
4.60260997,-0.01510666
4.60660997,-0.01998962
4.61060997,-0.02090518
4.61460997,-0.01831111
4.61860997,-0.01373333
4.62260997,-0.00885037
4.62660997,-0.00457778
4.63060997,-0.00061037
4.63460997,0.00320444
4.63860997,0.00610370
4.64260997,0.00686666
4.64660997,0.00503555
4.65060997,0.00198370
4.65460997,0.00000000
4.65860997,0.00106815
4.66260997,0.00503555
4.66660997,0.00991852
4.67060997,0.01342814
4.67460997,0.01358074
4.67860997,0.01052889
4.68260997,0.00610370
4.68660997,0.00244148
4.69060997,0.00106815
4.69460997,0.00213630
4.69860997,0.00412000
4.70260997,0.00534074
4.70660997,0.00473037
4.71060997,0.00198370
4.71460997,-0.00137333
4.71860997,-0.00350963
4.72260997,-0.00259407
4.72660997,0.00137333
4.73060997,0.00656148
4.73460997,0.00991852
4.73860997,0.00885037
4.74260997,0.00381481
4.74660997,-0.00320444
4.75060997,-0.00885037
4.75460997,-0.01129185
4.75860997,-0.01068148
4.76260997,-0.00869778
4.76660997,-0.00625629
4.77060997,-0.00396741
4.77460997,-0.00106815
4.77860997,0.00183111
4.78260997,0.00366222
4.78660997,0.00259407
4.79060997,-0.00122074
4.79460997,-0.00640889
4.79860997,-0.01022370
4.80260997,-0.01113926
4.80660997,-0.00961333
4.81060997,-0.00671407
4.81460997,-0.00366222
4.81860997,-0.00091556
4.82260996,0.00137333
4.82660996,0.00366222
4.83060996,0.00579852
4.83460996,0.00793481
4.83860996,0.00991852
4.84260996,0.01144444
4.84660996,0.01220740
4.85060996,0.01144444
4.85460996,0.00900296
4.85860996,0.00579852
4.86260996,0.00289926
4.86660996,0.00061037
4.87060996,-0.00137333
4.87460996,-0.00289926
4.87860996,-0.00305185
4.88260996,-0.00076296
4.88660996,0.00396741
4.89060996,0.00976592
4.89460996,0.01464888
4.89860996,0.01754814
4.90260996,0.01876888
4.90660996,0.01876888
4.91060996,0.01754814
4.91460996,0.01480148
4.91860996,0.01022370
4.92260996,0.00473037
4.92660996,0.00015259
4.93060996,-0.00152593
4.93460996,-0.00015259
4.93860996,0.00259407
4.94260996,0.00412000
4.94660996,0.00244148
4.95060996,-0.00183111
4.95460996,-0.00701926
4.95860996,-0.01144444
4.96260996,-0.01388592
4.96660996,-0.01434370
4.97060996,-0.01373333
4.97460996,-0.01251259
4.97860996,-0.01098666
4.98260996,-0.00854518
4.98660996,-0.00564592
4.99060996,-0.00335704
4.99460996,-0.00289926
4.99860996,-0.00442518
5.00260996,-0.00656148
5.00660996,-0.00824000
5.01060996,-0.00854518
5.01460996,-0.00793481
5.01860996,-0.00686666
5.02260996,-0.00518815
5.02660996,-0.00213630
5.03060996,0.00228889
5.03460996,0.00701926
5.03860996,0.01022370
