frequency,Re(S21),Im(S21),Amplitude,phase
8635600000.0,0.0073884538,0.003394141,0.00813077134610336,0.43063059879212845
8635609610.0,0.0073664287,0.0032980986,0.008071042446146945,0.420956388571208
8635619219.0,0.0074227491,0.0032644352,0.008108868069992867,0.4143291585776376
8635628829.0,0.0074176568,0.0032305877,0.008090632193467798,0.4107529767474426
8635638438.0,0.0074085958,0.0031711862,0.00805876626059151,0.4044439725621589
8635648048.0,0.00744519,0.0031342688,0.008078025442319023,0.3984599186299295
8635657658.0,0.0074417573,0.0030792887,0.008053680562950766,0.39233335800117836
8635667267.0,0.0074546053,0.0030484,0.008053811690050127,0.3881795198386171
8635676877.0,0.0074628481,0.0029842937,0.008037419402490658,0.3804087009624534
8635686486.0,0.0074516352,0.0029556443,0.008016401959857148,0.37760968725520455
8635696096.0,0.0074823496,0.0028983963,0.008024104725667149,0.36956643712271414
8635705706.0,0.0074301026,0.0028685012,0.007964591877863435,0.36843587005462247
8635715315.0,0.0074927145,0.0028062735,0.008000996283920678,0.35836172821316703
8635724925.0,0.007496532,0.002783117,0.007996482493116144,0.35548241052170626
8635734535.0,0.007503238,0.0027259602,0.007983072058839757,0.3484778747541035
8635744144.0,0.0075074935,0.0026862583,0.007973609114250657,0.34361573171749726
8635753754.0,0.0074900601,0.0026311514,0.007938763001333015,0.3378197965657458
8635763363.0,0.0075249092,0.0025798826,0.007954876032851008,0.33028709629033115
8635772973.0,0.0075053272,0.0025492243,0.007926441882129102,0.3274295091326747
8635782583.0,0.0075065468,0.0025238508,0.007919473954831273,0.32434625694806885
8635792192.0,0.0075193614,0.0024799288,0.007917754903814554,0.31857239756449823
8635801802.0,0.0075149307,0.0024363176,0.007899989042642544,0.3135053949617352
8635811411.0,0.0075298096,0.0023828475,0.007897847480200438,0.30648412553367393
8635821021.0,0.0075193135,0.0023561142,0.00787980644652671,0.30365146688181754
8635830631.0,0.0075069263,0.0022986999,0.00785098488750881,0.2971447467639256
8635840240.0,0.0075232716,0.0022770733,0.007860323045584034,0.2939051025726174
8635849850.0,0.0075375618,0.0022269752,0.007859660070908556,0.2872775859904143
8635859459.0,0.0075233034,0.0021893801,0.007835399113684484,0.2831917076947621
8635869069.0,0.0075289748,0.0021642793,0.007833873015784946,0.279912900989341
8635878679.0,0.0075305081,0.002098528,0.007817440246714368,0.2717751302151362
8635888288.0,0.0075464609,0.0020659815,0.0078241518181571,0.26722071553014076
8635897898.0,0.0075329917,0.0020376211,0.007803708329982234,0.2641712272751906
8635907508.0,0.0075424465,0.0019818381,0.007798473021045457,0.256949676233202
8635917117.0,0.0075485353,0.0019433595,0.007794679680499151,0.25197668798104833
8635926727.0,0.0075242046,0.0019146955,0.007764001141188827,0.24918266946014728
8635936336.0,0.0075613766,0.0018673461,0.00778854270991774,0.24211401731676263
8635945946.0,0.0075474721,0.0018403659,0.007768608739417968,0.2391714532530673
8635955556.0,0.0075537485,0.0017576293,0.007755538482753518,0.2286151450853213
8635965165.0,0.0075300381,0.0017445305,0.007729479960054354,0.22765977376794594
8635974775.0,0.0075583651,0.0017021092,0.007747648592548752,0.22150043772695224
8635984384.0,0.0075248326,0.0016792578,0.007709929468995394,0.21956446056014098
8635993994.0,0.0075187918,0.0016499448,0.007697697576210322,0.21601877583060283
8636003604.0,0.0075194717,0.0015915664,0.007686061296445003,0.2085809143745412
8636013213.0,0.0075210152,0.0015422709,0.007677517122587083,0.2022576466885429
8636022823.0,0.007536808,0.0015225615,0.007689061604002549,0.19933399373352012
8636032432.0,0.0075271746,0.0014817665,0.0076716353810258354,0.19437028172783707
8636042042.0,0.0074882341,0.0014499874,0.007627326752969324,0.19126835431632724
8636051652.0,0.0075016466,0.0014124971,0.0076334690520627625,0.1861125632883004
8636061261.0,0.0075367676,0.0013630555,0.007659032977634318,0.1789201334588846
8636070871.0,0.007512258,0.0013340517,0.007629791228915565,0.17575111679016872
8636080480.0,0.007523477,0.0012490994,0.007626464153237027,0.16452611608029485
8636090090.0,0.0074567345,0.0012522054,0.007561144606954652,0.1663770892971759
8636099700.0,0.0074615725,0.0012024311,0.007557837304613236,0.15977618452624018
8636109309.0,0.007497102,0.0011391466,0.007583151941949704,0.15079152975409155
8636118919.0,0.0074686221,0.0011186159,0.007551928071978785,0.14867028758759612
8636128529.0,0.0074536639,0.0010923768,0.007533285644879095,0.14551973179329503
8636138138.0,0.0074897045,0.0010531647,0.007563387427776415,0.13969905532877114
8636147748.0,0.0074631349,0.0010266665,0.0075334206465469756,0.13670700152305443
8636157357.0,0.0074485444,0.000986137,0.007513539769079576,0.131627756011176
8636166967.0,0.0074537917,0.000921012,0.007510477602065856,0.12293973875126862
8636176577.0,0.0074342556,0.0009005332,0.00748859909264968,0.12054562816880636
8636186186.0,0.0074427478,0.000855839,0.007491792523043189,0.11448681654711329
8636195796.0,0.0074105931,0.0008376623,0.0074577857452871954,0.11255803181490007
8636205405.0,0.0074171032,0.000791039,0.0074591663461120936,0.10624904272549973
8636215015.0,0.0074153962,0.0007279903,0.0074510449387900305,0.09785923048799983
8636224625.0,0.0074111824,0.0007037437,0.00744452011625729,0.09467313748640441
8636234234.0,0.0073745942,0.0006890704,0.0074067170616157465,0.093167902803348
8636243844.0,0.007388093,0.0006290243,0.007414822300408789,0.08493544572227643
8636253453.0,0.0073857708,0.000611816,0.007411068015339532,0.08264842293166696
8636263063.0,0.0073549014,0.0005743076,0.007377289734254696,0.07792689314941531
8636272673.0,0.0073656027,0.0005246323,0.0073842631443124095,0.0711072536211216
8636282282.0,0.0072988745,0.0004689345,0.0073139229235780505,0.06415932753397792
8636291892.0,0.0073157637,0.0004513937,0.007329676308448919,0.0616233920681001
8636301502.0,0.0073021167,0.0003998765,0.007313057467001824,0.054707081708199844
8636311111.0,0.0073028626,0.0003964617,0.007313616344466371,0.05423529362371487
8636320721.0,0.0072841306,0.0003292014,0.007291565823581264,0.04516359714675847
8636330330.0,0.0072851665,0.0002823736,0.007290636857140754,0.03874068217329213
8636339940.0,0.0072643447,0.0002486737,0.007268599764018498,0.03421872771396767
8636349550.0,0.0072563447,0.0002233026,0.007259779780157581,0.03076371916984908
8636359159.0,0.0072544678,0.0001813568,0.007256734344740965,0.02499411928377205
8636368769.0,0.0072373138,0.0001684031,0.007239272797992907,0.02326453176960791
8636378378.0,0.0072225486,0.0001336669,0.007223785373301006,0.018504775808911758
8636387988.0,0.0072259483,9.29413e-05,0.007226545988196475,0.012861450345013991
8636397598.0,0.0071815637,6.26235e-05,0.007181836734423161,0.00871981582443142
8636407207.0,0.007195357,3.60436e-05,0.007195447275781399,0.005009243950580656
8636416817.0,0.0071514316,-2.97328e-05,0.00715149340829413,-0.0041575771604780995
8636426426.0,0.0071482072,-4.48878e-05,0.0071483481370677995,-0.006279505998410248
8636436036.0,0.0071497269,-9.13756e-05,0.007150310779599651,-0.012779596590798418
8636445646.0,0.0071123205,-0.0001203386,0.00711333847594575,-0.016918123776818502
8636455255.0,0.0071120574,-0.0001610531,0.007113880696350928,-0.022641209159219796
8636464865.0,0.007080097,-0.0001638476,0.007081992626756593,-0.023137869403675404
8636474474.0,0.0070700174,-0.0002439428,0.0070742246307262955,-0.03449016450767538
8636484084.0,0.0070627603,-0.0002566193,0.007067420782745894,-0.03631816053189866
8636493694.0,0.0070399806,-0.0002788237,0.007045499947062525,-0.03958505908635719
8636503303.0,0.0070348865,-0.0003498275,0.007043579157476582,-0.04968659733184322
8636512913.0,0.0070341474,-0.0003575913,0.007043230876718614,-0.05079275563914442
8636522523.0,0.0069895786,-0.0003800188,0.006999901663161519,-0.05431586595297214
8636532132.0,0.0069749591,-0.0004207888,0.006987640349995,-0.060255467457171585
8636541742.0,0.0069696619,-0.0004446997,0.0069838345358042165,-0.06371868620901529
8636551351.0,0.006939528,-0.0004930819,0.006957023689976312,-0.07093488196828257
8636560961.0,0.0069153181,-0.0005289643,0.006935519277953316,-0.07634301796829562
8636570571.0,0.0069106161,-0.0005540422,0.00693279003294922,-0.08000150582286061
8636580180.0,0.0068998779,-0.0005934314,0.006925350233844811,-0.0857949453168109
8636589790.0,0.0068671288,-0.0006096812,0.006894140201752709,-0.08855037473831308
8636599399.0,0.006858047,-0.0006469199,0.006888491417663595,-0.09405174405055343
8636609009.0,0.0068229745,-0.0006721443,0.006856001676463676,-0.09819508728789729
8636618619.0,0.0068167726,-0.000737972,0.006856602026725393,-0.1078382943641621
8636628228.0,0.0068091535,-0.0007419906,0.006849461397588179,-0.10854131254471473
8636637838.0,0.0067672933,-0.0007946513,0.006813789642835812,-0.11688998627000594
8636647447.0,0.0067675963,-0.0007989355,0.006814591522089489,-0.11750919116437274
8636657057.0,0.0067239992,-0.000825986,0.006774541911730758,-0.122229119039562
8636666667.0,0.0066896664,-0.0008589964,0.006744591266971032,-0.12770763208224162
8636676276.0,0.0066867383,-0.0009172205,0.006749352749583262,-0.13631936052984647
8636685886.0,0.0066655989,-0.00091775,0.0067284822774665316,-0.13682428577708114
8636695495.0,0.0066468741,-0.0009423402,0.006713340476527826,-0.1408333892820284
8636705105.0,0.0066087805,-0.0009880336,0.006682229425267379,-0.1484040098015629
8636714715.0,0.0066126639,-0.001017635,0.006690508564196612,-0.15269395571832067
8636724324.0,0.0065764826,-0.0010268925,0.00665617244327842,-0.15489537441884266
8636733934.0,0.0065287272,-0.0010691054,0.006615683275998708,-0.1623134306344412
8636743544.0,0.0065222023,-0.001073624,0.006609976651660829,-0.16314757021481052
8636753153.0,0.0065143528,-0.0011311428,0.006611828524459756,-0.17192437104655925
8636762763.0,0.0064961021,-0.0011427378,0.006595846585024037,-0.17412975533473588
8636772372.0,0.0064764185,-0.0011688691,0.006581052465987265,-0.17855859636646973
8636781982.0,0.0064363258,-0.0011968469,0.006546658102099517,-0.18385199186572698
8636791592.0,0.0064106294,-0.001241703,0.006529777610635247,-0.19132519409061802
8636801201.0,0.006395972,-0.00125077,0.006517122326432426,-0.19311874856235262
8636810811.0,0.0063667398,-0.001283955,0.006494914635538257,-0.1989969762625024
8636820420.0,0.0063687879,-0.0013001944,0.006500151136164279,-0.20138369843244405
8636830030.0,0.0063318416,-0.0013293107,0.006469875190807397,-0.206935313841824
8636839640.0,0.0063086701,-0.0013747907,0.006456730434162518,-0.21456626948046356
8636849249.0,0.0062850645,-0.0013850283,0.006435863513232792,-0.21690147195914466
8636858859.0,0.0062515049,-0.0014073581,0.006407961480561475,-0.2214315980567149
8636868468.0,0.0062254549,-0.0014343816,0.006388563162899196,-0.22645386977465085
8636878078.0,0.0062015227,-0.0014774594,0.0063750898093488575,-0.23388148925672306
8636887688.0,0.006183355,-0.0014913526,0.006360661257569983,-0.23666821613233757
8636897297.0,0.0061456179,-0.0015115028,0.006328764499269051,-0.24116145174007073
8636906907.0,0.0061412008,-0.0015618307,0.006336691755276023,-0.24904047287988207
8636916517.0,0.0061031621,-0.0015536429,0.00629780865695337,-0.2492691802085443
8636926126.0,0.0060609565,-0.0015760498,0.006262517598136734,-0.25439913851133733
8636935736.0,0.00606176,-0.0015827072,0.006264973773171908,-0.25539529887477147
8636945345.0,0.0060187131,-0.0016191451,0.006232699113142365,-0.2627967875178293
8636954955.0,0.0059948377,-0.0016500503,0.006217776535215091,-0.2685941568360644
8636964565.0,0.005962481,-0.0016728905,0.006192716875520086,-0.27353675122698967
8636974174.0,0.0059186465,-0.0017044835,0.006159191537347617,-0.2803980628150037
8636983784.0,0.0059153369,-0.001721252,0.006160675213643843,-0.28316229335633336
8636993393.0,0.0058983817,-0.001726737,0.006145935839728877,-0.28478999415918654
8637003003.0,0.005855481,-0.0017548439,0.0061127845418211995,-0.2911746856525048
8637012613.0,0.0058270827,-0.0017830638,0.006093784481544266,-0.29694856257701113
8637022222.0,0.0058146803,-0.0018140626,0.006091086118905794,-0.3024108484678778
8637031832.0,0.0057986115,-0.0018031608,0.00607250230124196,-0.3014851278830213
8637041441.0,0.0057461785,-0.0018235832,0.006028600421423242,-0.30730254159916626
8637051051.0,0.0057552185,-0.0018574774,0.006047541837329694,-0.31219245873099855
8637060661.0,0.005666522,-0.0018641846,0.005965287570550238,-0.3178293924565565
8637070270.0,0.0056579356,-0.0018737123,0.00596012022000552,-0.3197981142348582
8637079880.0,0.0056340675,-0.0019344167,0.005956902262400748,-0.33073189277656895
8637089489.0,0.0055968186,-0.0019278494,0.005919542359877689,-0.33172599844326456
8637099099.0,0.0055728464,-0.0019460463,0.00590285635940234,-0.3359632802346608
8637108709.0,0.0055598873,-0.001986883,0.005904240073404053,-0.34321677342382995
8637118318.0,0.0055247759,-0.0019781403,0.005868235492182032,-0.3438273177919669
8637127928.0,0.005499754,-0.0019789549,0.005844959927728334,-0.34540160237490947
8637137538.0,0.0054498782,-0.0020113312,0.005809184589159539,-0.3535527195251269
8637147147.0,0.0054366435,-0.0020515589,0.00581085075236505,-0.36083602871913983
8637156757.0,0.0054194012,-0.0020409867,0.005790987487133635,-0.3601791692982698
8637166366.0,0.0053927016,-0.0020353511,0.005764016364212872,-0.360896737362314
8637175976.0,0.005364821,-0.0020712822,0.005750783799976994,-0.3684542922058141
8637185586.0,0.0053056903,-0.0020970902,0.005705097445832992,-0.3764074804044499
8637195195.0,0.0053071683,-0.0020834811,0.005701484794207742,-0.37409235703270954
8637204805.0,0.0052676231,-0.0021036576,0.005672144957746705,-0.37995119756933454
8637214414.0,0.0052532814,-0.0021222167,0.005665754070672752,-0.38393205433954236
8637224024.0,0.005238684,-0.0021505463,0.005662919692199396,-0.3895360677856153
8637233634.0,0.0051848503,-0.0021484731,0.00561236218493013,-0.392836994063404
8637243243.0,0.0051680351,-0.0021652989,0.005603312067087931,-0.396759892000147
8637252853.0,0.005152416,-0.0021777072,0.00559372856742154,-0.3998848461595897
8637262462.0,0.0050937652,-0.0021724664,0.005537693939886892,-0.4031364120503545
8637272072.0,0.0050985992,-0.0021749044,0.005543096873714187,-0.4031988598809197
8637281682.0,0.005052905,-0.0022014863,0.005511659538479557,-0.4108879106311317
8637291291.0,0.005005303,-0.0021928539,0.005464582907098602,-0.41291907558567603
8637300901.0,0.004976039,-0.0022134924,0.005446146595013648,-0.41854640527454184
8637310511.0,0.0049697465,-0.002231545,0.005447767741129136,-0.42204358613583565
8637320120.0,0.0049288687,-0.0022706735,0.005426758222497289,-0.4317069112489294
8637329730.0,0.0049003381,-0.0022499628,0.005392183796542496,-0.4304323382662307
8637339339.0,0.004863617,-0.0022682232,0.005366526512345508,-0.4363798272676692
8637348949.0,0.0048338381,-0.0022873725,0.005347715748875202,-0.44197872636673907
8637358559.0,0.0048122848,-0.0022868566,0.00532802009242407,-0.44362148430006776
8637368168.0,0.0047780055,-0.0023113071,0.0053076809501458036,-0.45055430360765225
8637377778.0,0.004757242,-0.0022585664,0.005266163084236279,-0.4432556197434664
8637387387.0,0.0047204159,-0.0023062215,0.005253663852592309,-0.4544563797830926
8637396997.0,0.0046685074,-0.0022962145,0.0052026495532435215,-0.4571079532023846
8637406607.0,0.0046726516,-0.002294545,0.005205632500667672,-0.4564688070864852
8637416216.0,0.0046296796,-0.0023231023,0.005179839524051054,-0.4650743341220199
8637425826.0,0.0046130942,-0.0023339895,0.005169926990217936,-0.468395320332967
8637435435.0,0.0045806353,-0.0023383424,0.005142962660883691,-0.47199982629137954
8637445045.0,0.004557303,-0.0023367763,0.005121477727184869,-0.47379883824563007
8637454655.0,0.0045154154,-0.0023221305,0.005077525607378796,-0.4749961959630995
8637464264.0,0.0045123574,-0.0023195312,0.005073617476033072,-0.4748162430052588
8637473874.0,0.0044749355,-0.0023458747,0.005052541522566672,-0.4828395495219533
8637483483.0,0.0044342556,-0.0023474085,0.005017265130726461,-0.48687482062195186
8637493093.0,0.004400153,-0.0023406638,0.004983979679737814,-0.4888801452774748
8637502703.0,0.0044029356,-0.002349841,0.004990750907732058,-0.49024173707181756
8637512312.0,0.00435718,-0.0023477734,0.004949450220999052,-0.4942259178877349
8637521922.0,0.0043283399,-0.002353952,0.004927029156422358,-0.4981064722023238
8637531532.0,0.0043152805,-0.0023572102,0.004917121690650363,-0.49995747274039254
8637541141.0,0.0042865757,-0.0023717054,0.0048989506770552044,-0.5053631001663916
8637550751.0,0.0042503843,-0.0023325297,0.004848346264353298,-0.5019067559548716
8637560360.0,0.0042226794,-0.0023651953,0.004839955590945691,-0.5105775267409458
8637569970.0,0.0041976646,-0.0023453062,0.004808414423263826,-0.5095110148886841
8637579580.0,0.004167901,-0.002350343,0.004784925387448586,-0.5134639081440976
8637589189.0,0.0041646567,-0.0023312367,0.004772738205713967,-0.510310803544778
8637598799.0,0.0041442845,-0.0023647741,0.004771504014560929,-0.5185295335504624
8637608408.0,0.004113822,-0.0023287636,0.0047272266026042115,-0.515106894664602
8637618018.0,0.0040678623,-0.0023743612,0.004710105603893264,-0.5283388074448903
8637627628.0,0.0040381028,-0.0023611178,0.004677729309060613,-0.5291007455234369
8637637237.0,0.0039914564,-0.0023564456,0.00463514401705711,-0.5333102882594615
8637646847.0,0.0039997859,-0.0023445034,0.004636268266445588,-0.5301788033374336
8637656456.0,0.0039624846,-0.0023379365,0.004600785941909209,-0.5330473239093579
8637666066.0,0.0039356024,-0.0023349048,0.00457610606039117,-0.5354619065721481
8637675676.0,0.0039426418,-0.0023342982,0.0045818525128631625,-0.5345641324917985
8637685285.0,0.0039016738,-0.002340592,0.004549882344860187,-0.5403417999792419
8637694895.0,0.0038808558,-0.0023454755,0.0045345669100250235,-0.5436270474045878
8637704505.0,0.0038422532,-0.0023384829,0.004497934184323138,-0.5467356820341691
8637714114.0,0.0038015768,-0.0023384791,0.004463235448353028,-0.5514731771086083
8637723724.0,0.0038034232,-0.0022921625,0.004440724824249358,-0.5423714431822432
8637733333.0,0.0037783334,-0.002295381,0.004420924927740411,-0.5459243653693333
8637742943.0,0.0037578573,-0.0023123059,0.004412283996111096,-0.551612195970799
8637752553.0,0.0037302648,-0.0023152287,0.004390348438498103,-0.5554728206012728
8637762162.0,0.0036945243,-0.0022956534,0.004349659105748639,-0.5559821479400087
8637771772.0,0.0037206138,-0.0022875468,0.004367589427927112,-0.5512529627241207
8637781381.0,0.0036566799,-0.0022632564,0.004300422935387282,-0.5542278983092239
8637790991.0,0.0036603348,-0.0022949229,0.004320268737594393,-0.5600152376810875
8637800601.0,0.0036197517,-0.0022762598,0.004275974865074505,-0.5613588967604778
8637810210.0,0.0035833307,-0.0022717194,0.004242754758161123,-0.565022715859779
8637819820.0,0.0035634724,-0.0022532744,0.0042161097076875405,-0.5638497424357506
8637829429.0,0.0035598501,-0.0022223006,0.004196564391407615,-0.5580727799024886
8637839039.0,0.0035583435,-0.0022397753,0.004204569164430802,-0.5617880832725802
8637848649.0,0.0035122363,-0.002259495,0.004176256874530431,-0.5716655529323016
8637858258.0,0.0034948348,-0.0022448822,0.004153717175153826,-0.5709735017243192
8637867868.0,0.0034813033,-0.0022210214,0.004129456226411517,-0.5678828311576306
8637877477.0,0.0034553292,-0.0022126226,0.004103047483323023,-0.5695619717527008
8637887087.0,0.0034223953,-0.0021804349,0.004057965739456174,-0.5672587416024012
8637896697.0,0.0034192644,-0.0021829836,0.004056696492834573,-0.5682033076257563
8637906306.0,0.0034249263,-0.0021905687,0.004065551794019033,-0.5690264367132175
8637915916.0,0.0033746045,-0.0021791383,0.004017038618428647,-0.5733790926358319
8637925526.0,0.0033934126,-0.0021708339,0.0040283705012359484,-0.5691145261645154
8637935135.0,0.0033571548,-0.0021588474,0.00399137951686504,-0.5714800423706167
8637944745.0,0.0033315295,-0.002150839,0.003965500877983921,-0.573276606326411
8637954354.0,0.0033275121,-0.0021348782,0.00395348475455283,-0.5704360372896942
8637963964.0,0.0033014142,-0.0021186674,0.003922765258307512,-0.5705504386844339
8637973574.0,0.0032999298,-0.0021041949,0.0039137159914988786,-0.5676431225539449
8637983183.0,0.0032826962,-0.0021151182,0.003905101706929754,-0.5723743320389177
8637992793.0,0.0032264908,-0.0020971526,0.003848154351136581,-0.5763607488678807
8638002402.0,0.003231162,-0.0021090638,0.0038585694217824354,-0.5782892551196152
8638012012.0,0.0032207091,-0.0020692296,0.003828142923708436,-0.5710680293093207
8638021622.0,0.003208725,-0.0020532192,0.00380941271180659,-0.569232532838998
8638031231.0,0.0031871831,-0.0020567232,0.0037931842078053435,-0.573071598809377
8638040841.0,0.0031834234,-0.0020306852,0.003775959073555565,-0.5678173895466171
8638050450.0,0.0031667542,-0.0020071265,0.0037492517853859706,-0.5649108828609583
8638060060.0,0.0031542475,-0.0020332397,0.003752777767056336,-0.5725723495434506
8638069670.0,0.0031604352,-0.0019942326,0.0037370194428584125,-0.5629018367769553
8638079279.0,0.003140891,-0.0019734991,0.0037094332412892688,-0.5609864717968801
8638088889.0,0.0030924086,-0.0019638918,0.003663312974816812,-0.5658069616429324
8638098498.0,0.0030920853,-0.0019573471,0.0036595353765682473,-0.5643446363352538
8638108108.0,0.0030764793,-0.001950502,0.0036426889704355065,-0.5650483377673567
8638117718.0,0.0030603391,-0.0019554535,0.0036317315150835505,-0.5685795063504289
8638127327.0,0.0030608387,-0.001906015,0.003605776854943008,-0.5569509100086384
8638136937.0,0.0030478171,-0.0019264158,0.0036055882889678417,-0.5636630041081355
8638146547.0,0.0030236646,-0.0019012144,0.003571717207179275,-0.5613116145377164
8638156156.0,0.0030403416,-0.0019002149,0.0035853164031745604,-0.5585996464712767
8638165766.0,0.0029968721,-0.0018617835,0.0035280986642426343,-0.5558925323222693
8638175375.0,0.0030240061,-0.0018507512,0.003545404475816356,-0.5492106438751719
8638184985.0,0.002989651,-0.0018335406,0.003507119078909263,-0.5501385544723595
8638194595.0,0.0029808955,-0.00182577,0.00349559352253952,-0.5495530624404048
8638204204.0,0.0029854041,-0.0018481348,0.0035111593354998647,-0.5543141556234971
8638213814.0,0.0029664188,-0.0017982085,0.003468889491820933,-0.5449573330111632
8638223423.0,0.0029713671,-0.0018113713,0.003479955233825013,-0.5474547967437244
8638233033.0,0.0029468543,-0.0017987649,0.0034524636755367175,-0.5480327306877787
8638242643.0,0.0029243741,-0.0017660099,0.0034162486507350164,-0.5432772979730522
8638252252.0,0.0029029687,-0.0017415558,0.003385298196273606,-0.5403624015914686
8638261862.0,0.0029234153,-0.0017482126,0.003406259577758696,-0.538950197140014
8638271471.0,0.0029049987,-0.0017492466,0.003391000016899624,-0.5419992957161365
8638281081.0,0.0029308931,-0.0017313539,0.003404074131195268,-0.5335722579239562
8638290691.0,0.0029048453,-0.0017180063,0.0033748587916788133,-0.5340925775108007
8638300300.0,0.0029077581,-0.0017170644,0.00337688722374067,-0.5334133978307234
8638309910.0,0.0029062302,-0.0016912246,0.0033625012450610634,-0.5270272917089174
8638319520.0,0.0029035723,-0.0016771018,0.003353118332073971,-0.5237856504634839
8638329129.0,0.0028830835,-0.0016670346,0.003330341547885053,-0.5242451245407596
8638338739.0,0.0028873681,-0.0016461286,0.0033236476817851152,-0.51815446993576
8638348348.0,0.0028683563,-0.0016460382,0.003307099880500879,-0.5209779708341281
8638357958.0,0.0028730301,-0.0016292664,0.0033028489153570087,-0.5158693235628693
8638367568.0,0.0028619762,-0.0016044562,0.003281034511718047,-0.5109535635211199
8638377177.0,0.0028643978,-0.0015918238,0.003276992182915803,-0.5072296653463616
8638386787.0,0.0028577776,-0.0015648122,0.0032581482520490992,-0.5009699788080139
8638396396.0,0.0028696651,-0.0015459038,0.003259569963202577,-0.4941303211711735
8638406006.0,0.0028666868,-0.0015899322,0.003278075290454916,-0.5063860804411476
8638415616.0,0.0028359035,-0.0015372926,0.0032257738915378135,-0.49674391214425195
8638425225.0,0.0028595829,-0.0015277851,0.0032421199351280053,-0.4906851235400336
8638434835.0,0.0028233084,-0.0015357259,0.00321395774107896,-0.4981829618444418
8638444444.0,0.00283823,-0.0015031526,0.0032117000594368648,-0.48705339925329516
8638454054.0,0.0028360448,-0.0015244597,0.0032198023983671933,-0.4932190795155029
8638463664.0,0.002852983,-0.0014840164,0.00321586950508847,-0.4796476456913662
8638473273.0,0.0028714018,-0.0014858908,0.0032330820847247103,-0.4775330139077259
8638482883.0,0.0028315645,-0.0014676562,0.0031893215954272615,-0.47819587787991963
8638492492.0,0.0028443296,-0.0014689929,0.003201273342544583,-0.4767316279286911
8638502102.0,0.0028637789,-0.0014176497,0.00319545931909566,-0.45966181164140363
8638511712.0,0.0028511462,-0.0014421524,0.003195127258592402,-0.46828874807420345
8638521321.0,0.0028562438,-0.0013986359,0.0031803004615613365,-0.4553548760493401
8638530931.0,0.002861082,-0.0014118753,0.0031904830470438315,-0.45841480081320013
8638540541.0,0.0028515243,-0.0013786094,0.0031672945412858037,-0.4503315287956515
8638550150.0,0.0028773201,-0.0013718277,0.0031876138719034493,-0.4448937142007764
8638559760.0,0.0028532703,-0.0013913285,0.003174420640018323,-0.4536994161645523
8638569369.0,0.0028563518,-0.0013591068,0.0031632130657243875,-0.4441164526591024
8638578979.0,0.00285655,-0.001348265,0.0031587491848396256,-0.4409901459739322
8638588589.0,0.0028746236,-0.0013499969,0.003175838861102145,-0.43905420318457905
8638598198.0,0.0028610002,-0.0013668039,0.003170721533887082,-0.4456786140487914
8638607808.0,0.002852739,-0.0013373765,0.0031506659145128747,-0.43838113171219617
8638617417.0,0.0028784311,-0.0013109715,0.0031629119291025887,-0.42737403385675676
8638627027.0,0.0028862159,-0.0013032957,0.0031668315242606923,-0.4241493285070168
8638636637.0,0.0028868667,-0.0012775666,0.0031569250483665986,-0.41663654968056507
8638646246.0,0.0028830363,-0.0012622974,0.0031472675502989015,-0.4126925191878861
8638655856.0,0.0029002038,-0.0012759405,0.0031684706470274725,-0.4144637814369334
8638665465.0,0.0029047011,-0.0012797023,0.0031741024647869358,-0.41497801766127107
8638675075.0,0.0029147119,-0.0012470516,0.0031702812419506523,-0.40427985729036564
8638684685.0,0.0029019372,-0.0012617043,0.003164354160548773,-0.4101251593858307
8638694294.0,0.0029068296,-0.001220399,0.003152623041633294,-0.3974907065059877
8638703904.0,0.0029083821,-0.0012134199,0.0031513607050473323,-0.3952580315779904
8638713514.0,0.0029009697,-0.0012159128,0.0031454839273984425,-0.3968968287983948
8638723123.0,0.0029254053,-0.0011991887,0.0031616530023827376,-0.38903066150237986
8638732733.0,0.0029269727,-0.0011995831,0.0031632528827697133,-0.38895808669161125
8638742342.0,0.0029416783,-0.0012046111,0.0031787669186233362,-0.3886673159602648
8638751952.0,0.0029540738,-0.001185585,0.0031831060001312303,-0.3816601469823986
8638761562.0,0.0029454496,-0.0011788029,0.0031725777568388405,-0.38068871990569175
8638771171.0,0.0029829311,-0.001196502,0.0032139531706842288,-0.38146825152789776
8638780781.0,0.0029833457,-0.001153932,0.003198735785639772,-0.3690679174311482
8638790390.0,0.0029515247,-0.0011678576,0.003174175393482195,-0.37677620447673116
8638800000.0,0.002979801,-0.0011467336,0.0031928376014088095,-0.36736568433553235
8638809610.0,0.0029744119,-0.0011437621,0.0031867409515456417,-0.36710281619413526
8638819219.0,0.0030134115,-0.0011645273,0.003230599433662047,-0.36876943711194043
8638828829.0,0.0029987306,-0.0011383088,0.003207511829367711,-0.3627947142572926
8638838438.0,0.003000775,-0.0011151111,0.003201269024303988,-0.3557932884006776
8638848048.0,0.0030141396,-0.0011080608,0.003211360500595472,-0.35228570597454434
8638857658.0,0.0030313276,-0.0011141876,0.0032296069461337736,-0.3522299452541902
8638867267.0,0.0030207869,-0.0011134386,0.0032194563222975353,-0.3531411049220543
8638876877.0,0.0030434077,-0.0011318317,0.003247056116783968,-0.35604674078102055
8638886486.0,0.0030699747,-0.0010987069,0.0032606596741683574,-0.3436845757481793
8638896096.0,0.0030483344,-0.0010972241,0.003239790632100193,-0.3455043848671055
8638905706.0,0.0030839173,-0.0011024919,0.003275062488381695,-0.3433381927814242
8638915315.0,0.0030771164,-0.0010929299,0.003265446539979329,-0.3412819573069
8638924925.0,0.0030882488,-0.0010807221,0.0032718864448708865,-0.33662722673511297
8638934535.0,0.0030993611,-0.0010926267,0.003286315921171624,-0.338929499663507
8638944144.0,0.0031038713,-0.0010792049,0.0032861375904163995,-0.3346211488637059
8638953754.0,0.0031256391,-0.001066189,0.0033024806989852052,-0.3287337940997229
8638963363.0,0.0031536999,-0.001074974,0.0033318751717217755,-0.32851028455971915
8638972973.0,0.0031192978,-0.0010595907,0.0032943514106135263,-0.32745957715878377
8638982583.0,0.0031294716,-0.0010708214,0.003307605019633469,-0.3296852502658583
8638992192.0,0.0031300453,-0.0010798787,0.003311090694433751,-0.33221728268490525
8639001802.0,0.0031558204,-0.0010667973,0.0033312548501043043,-0.32598162904008243
8639011411.0,0.0031831722,-0.001072357,0.0033589484649666533,-0.32494195792764047
8639021021.0,0.0031795229,-0.0010707196,0.0033549674116820525,-0.32482670768191807
8639030631.0,0.0032158717,-0.0010752121,0.0033908570967894386,-0.3226611908471552
8639040240.0,0.0032106245,-0.0010751134,0.0033858497460548674,-0.3231249551380986
8639049850.0,0.0032251265,-0.001055124,0.0033933357623993315,-0.31618195434444635
8639059459.0,0.0032360192,-0.0010579161,0.0034045567607851467,-0.3159665717007317
8639069069.0,0.003256597,-0.0010764129,0.0034298817401909663,-0.3192281749327535
8639078679.0,0.0032534644,-0.0010427604,0.0034164864779295586,-0.310163419551712
8639088288.0,0.0032718574,-0.0010653891,0.003440945332366321,-0.31479447054513066
8639097898.0,0.003269264,-0.0010642009,0.0034381114957570545,-0.31469940653431394
8639107508.0,0.0032992956,-0.0010659165,0.0034672077297375203,-0.31248887815991905
8639117117.0,0.0032942868,-0.0010689708,0.0034633833301999472,-0.3137726605908906
8639126727.0,0.0032875239,-0.0010662766,0.0034561190923894348,-0.3136351381673875
8639136336.0,0.0033126029,-0.0010583772,0.0034775710302692954,-0.30924947993491464
8639145946.0,0.0033470556,-0.0010611713,0.003511248455668589,-0.30702123599437064
8639155556.0,0.0033284565,-0.001035059,0.0034856806804228714,-0.301492816113784
8639165165.0,0.0033544632,-0.0010659798,0.0035197636702145613,-0.30768745022414484
8639174775.0,0.00337606,-0.0010742885,0.0035428628120253614,-0.30807634039928816
8639184384.0,0.0033852584,-0.0010782378,0.0035528258032331674,-0.30835053525421074
8639193994.0,0.0033934452,-0.0010740339,0.0035593565631659115,-0.306527110442298
8639203604.0,0.0033920491,-0.0010848491,0.003561305191440579,-0.30954071415548917
8639213213.0,0.0033995122,-0.0010660459,0.0035627429122595485,-0.3038756751101931
8639222823.0,0.0034327283,-0.0010886107,0.0036012076915633985,-0.30709460937878386
8639232432.0,0.0034484032,-0.0010768114,0.0036126178072057665,-0.3026696451109552
8639242042.0,0.003444449,-0.001093722,0.0036139253903318203,-0.3074623858081146
8639251652.0,0.0034709194,-0.0010748463,0.0036335349248245914,-0.3003063331546916
8639261261.0,0.003470399,-0.0011021892,0.0036412209836533733,-0.3075218695582101
8639270871.0,0.0034702601,-0.001101318,0.003640824975026403,-0.3073053569916818
8639280480.0,0.003497728,-0.0010948911,0.003665090405821282,-0.3033669405096636
8639290090.0,0.0035197165,-0.0011080055,0.003689997348021066,-0.3049785436110959
8639299700.0,0.0035254948,-0.0011221652,0.0036997794962562404,-0.30816014727196617
8639309309.0,0.0035477719,-0.0011230218,0.0037212717473606854,-0.3065637759332619
8639318919.0,0.0035629646,-0.001131061,0.003738183479522395,-0.30738756167385994
8639328529.0,0.0035576264,-0.0011418158,0.003736368413728309,-0.31056334340861913
8639338138.0,0.003578841,-0.0011379668,0.0037554056160664243,-0.30786111610885536
8639347748.0,0.0035967934,-0.0011346046,0.0037715050524458698,-0.3055691705320981
8639357357.0,0.0035929073,-0.0011526418,0.0037732699327639586,-0.3104378373320815
8639366967.0,0.0035940205,-0.0011617061,0.00377710794354589,-0.31263289689614043
8639376577.0,0.003616519,-0.00115153,0.0037954223767929967,-0.3082585120268361
8639386186.0,0.0036241479,-0.0011445852,0.003800595121968854,-0.30590833804156503
8639395796.0,0.0036284883,-0.0011801292,0.003815577580384067,-0.31444887214371664
8639405405.0,0.0036283615,-0.0012122495,0.003825513824956394,-0.3224438475351344
8639415015.0,0.0036756228,-0.0011886271,0.003863034733306737,-0.3127670016800604
8639424625.0,0.0036806557,-0.0012071872,0.0038735677763253777,-0.31692625060375984
8639434234.0,0.0036755048,-0.0012267877,0.0038748346539812933,-0.3221470434169708
8639443844.0,0.0037070637,-0.0011986897,0.003896046492631188,-0.3127414090292667
8639453453.0,0.0037166155,-0.0012007088,0.003905756315649722,-0.3124808642524006
8639463063.0,0.0037030444,-0.0012223405,0.0038995710182418283,-0.3188293465661993
8639472673.0,0.00371598,-0.0012360476,0.003916161517336301,-0.3211177050102509
8639482282.0,0.003730881,-0.0012837785,0.003945574770958377,-0.33140482566809965
8639491892.0,0.0037376089,-0.0012352453,0.003936438903441955,-0.3191900831568628
8639501502.0,0.0037468379,-0.0012706246,0.003956422768486903,-0.32694874761108234
8639511111.0,0.003767874,-0.001297021,0.0039848636054847595,-0.3315266487992108
8639520721.0,0.0037758494,-0.0012850115,0.003988520182550492,-0.3280287454619339
8639530330.0,0.0037848314,-0.0013071415,0.004004193754983418,-0.332538086490454
8639539940.0,0.0038118153,-0.0013121529,0.004031337385321712,-0.331528037199089
8639549550.0,0.0038112766,-0.0013093551,0.004029918125669996,-0.3309150945999484
8639559159.0,0.0038409242,-0.0013128161,0.004059086698084293,-0.32934835342990054
8639568769.0,0.0038676343,-0.0013185188,0.0040862069091628156,-0.3285548167421516
8639578378.0,0.0038586904,-0.0013439937,0.004086050742305074,-0.3351622757027874
8639587988.0,0.0038471152,-0.0013690248,0.004083445146574897,-0.34188352249555576
8639597598.0,0.003865134,-0.0013330318,0.004088549206964157,-0.33211194913887737
8639607207.0,0.003886848,-0.0013915129,0.004128425308270747,-0.34378877604868713
8639616817.0,0.00388085,-0.0014262685,0.004134638866526586,-0.3521919112115475
8639626426.0,0.0039054105,-0.0013997849,0.004148690026957697,-0.3441578916574656
8639636036.0,0.0038929538,-0.0014100462,0.0041404491996725286,-0.34750596888921703
8639645646.0,0.0039296979,-0.0014162684,0.004177121229519556,-0.34591083152527563
8639655255.0,0.0039441644,-0.0014215237,0.004192512664726137,-0.3459201559117998
8639664865.0,0.0039408031,-0.0014719566,0.004206730952325472,-0.35746979412603724
8639674474.0,0.0039670862,-0.0014563451,0.0042259571659595,-0.35183288459748213
8639684084.0,0.0039649736,-0.0014341928,0.004216387628796575,-0.3470735161290532
8639693694.0,0.0039528394,-0.0014802011,0.004220892632919436,-0.358301789439186
8639703303.0,0.0039856059,-0.0014910433,0.004255380654252883,-0.35798758780968654
8639712913.0,0.0040261076,-0.0015291773,0.004306730270357438,-0.36298561282759545
8639722523.0,0.0039993324,-0.0015266518,0.004280808961415237,-0.36465493503763824
8639732132.0,0.0040076186,-0.0015455129,0.004295301731791653,-0.36806933314523255
8639741742.0,0.0040206743,-0.001578763,0.004319527108011882,-0.3741639037955792
8639751351.0,0.0040298586,-0.0015703283,0.004325007665400705,-0.3715724735309683
8639760961.0,0.0040435245,-0.0015791289,0.004340937509906755,-0.37231844065286146
8639770571.0,0.0040309865,-0.0016122121,0.004341437552075195,-0.3804673469537833
8639780180.0,0.0040430292,-0.0016273602,0.004358254964156719,-0.38266840565023463
8639789790.0,0.004056237,-0.0016190719,0.004367430871523739,-0.3797786991618273
8639799399.0,0.0040586115,-0.0016313183,0.00437418869092854,-0.38217766997165853
8639809009.0,0.0040755595,-0.0016462075,0.004395473168055573,-0.383882696455587
8639818619.0,0.0041038534,-0.0016819907,0.004435166901434269,-0.3889743150783771
8639828228.0,0.004082407,-0.0016947894,0.00442022149037821,-0.39349354774140505
8639837838.0,0.0040945215,-0.0017219205,0.004441859579307129,-0.39808909472094806
8639847447.0,0.0041006195,-0.001732675,0.004451656201842776,-0.3997850035338408
8639857057.0,0.0041213092,-0.001737734,0.004472684761612497,-0.39902644778858437
8639866667.0,0.0041274109,-0.0017331442,0.004476528739484697,-0.3975521206980621
8639876276.0,0.0041302288,-0.0017742413,0.004495188775899754,-0.4057389679554635
8639885886.0,0.004141856,-0.0017704694,0.004504390416146491,-0.4039507352746494
8639895495.0,0.0041648809,-0.0017891771,0.0045329226340573275,-0.4057491309351432
8639905105.0,0.0041375897,-0.0018302632,0.004524324469666199,-0.4164740818156252
8639914715.0,0.0041591272,-0.0018224915,0.0045409045721477225,-0.4129901588726271
8639924324.0,0.0041600132,-0.0018594613,0.004556677095249556,-0.4203433819866971
8639933934.0,0.0041953306,-0.0018619101,0.0045899355184771794,-0.4176905132097189
8639943544.0,0.0041862549,-0.0018784835,0.004588401720375655,-0.42179437605561015
8639953153.0,0.0041864099,-0.001905724,0.004599762147654378,-0.42718371805201744
8639962763.0,0.004192419,-0.0019384641,0.004618876501764234,-0.43309608279547485
8639972372.0,0.0041930487,-0.0019070952,0.004606372705549859,-0.426857531343206
8639981982.0,0.0041982419,-0.0019301942,0.004620701754130994,-0.4309427029168171
8639991592.0,0.0042088768,-0.0019706107,0.004647359513587552,-0.4378883855228278
8640001201.0,0.0041998209,-0.0019808338,0.004643511401439567,-0.4407092063709288
8640010811.0,0.0042274273,-0.0020152017,0.004683180486428874,-0.44483198440765637
8640020420.0,0.0042164441,-0.0020177272,0.0046743581272774394,-0.4463307715312477
8640030030.0,0.0042268892,-0.002023157,0.004686123830600898,-0.4464138172866831
8640039640.0,0.0042538126,-0.0020555707,0.004724435684673594,-0.4501419875250737
8640049249.0,0.0042405251,-0.0020817495,0.0047239532284391065,-0.45635553332850365
8640058859.0,0.004235857,-0.0021030646,0.004729203446271069,-0.46083641807061865
8640068468.0,0.0042841654,-0.0021163248,0.004778378787167484,-0.45882617134809073
8640078078.0,0.0042631139,-0.002118259,0.004760374073059197,-0.46114905316100296
8640087688.0,0.0042764484,-0.0021523724,0.004787558654068305,-0.4662908245587611
8640097297.0,0.0042523761,-0.0021493405,0.004764700103972071,-0.4679937893606005
8640106907.0,0.004273105,-0.0022041565,0.004808090287995562,-0.4762240054892409
8640116517.0,0.0042878184,-0.0021864715,0.004813111701559689,-0.47155710242771115
8640126126.0,0.0042967844,-0.0022335196,0.004842619743864628,-0.47937120547447426
8640135736.0,0.0042382462,-0.0022474789,0.004797279672664462,-0.48758114769883615
8640145345.0,0.0042778072,-0.002268299,0.004841984592475779,-0.48755222601773773
8640154955.0,0.0043056006,-0.0022705866,0.004867623653778085,-0.48529256424816153
8640164565.0,0.0042887048,-0.0023064509,0.004869569243337017,-0.4934257532920534
8640174174.0,0.0043180722,-0.0023408703,0.004911763561678731,-0.4967654870206295
8640183784.0,0.0043261568,-0.0023670821,0.00493140044270658,-0.5006569979192185
8640193393.0,0.0042931796,-0.0023577836,0.004898013330145715,-0.5022233175481927
8640203003.0,0.0043200136,-0.0023830926,0.004933725554219623,-0.504101508826454
8640212613.0,0.004297905,-0.0023917486,0.004918581986165013,-0.5078136006387474
8640222222.0,0.0043063506,-0.0024232633,0.004941341974731889,-0.5125554534460549
8640231832.0,0.0043196372,-0.0024369684,0.004959645201243977,-0.5136499043853147
8640241441.0,0.0043076703,-0.0024747915,0.004967958975472154,-0.5214645289123064
8640251051.0,0.0043076253,-0.002494044,0.004977538668773563,-0.5248228371441958
8640260661.0,0.0043394957,-0.0024991036,0.0050076682931132184,-0.5225083186284211
8640270270.0,0.0043053559,-0.0025097648,0.004983473565394307,-0.527781036186204
8640279880.0,0.0043053353,-0.0025260183,0.004991661096004113,-0.5305961763814802
8640289489.0,0.0043405084,-0.0025501536,0.005034212605171093,-0.5311955880501957
8640299099.0,0.004332335,-0.0025849399,0.005044902460785244,-0.5379615135144694
8640308709.0,0.004345176,-0.0025747276,0.0050507204124934256,-0.5349224536103474
8640318318.0,0.0043379735,-0.0026178263,0.005066658526452512,-0.5429652794961665
8640327928.0,0.0043223413,-0.0026141955,0.005051401035941013,-0.5439488047554901
8640337538.0,0.0043118077,-0.002643383,0.005057584337059372,-0.5499648073689273
8640347147.0,0.0043339382,-0.0026601665,0.005085224294870531,-0.5505040143475243
8640356757.0,0.004318462,-0.0026916918,0.0050886460666498745,-0.5573749812840672
8640366366.0,0.0043437115,-0.0027423651,0.005136963688496373,-0.5631464651766658
8640375976.0,0.004315731,-0.002717446,0.005100004590907444,-0.5619437781534269
8640385586.0,0.0043267345,-0.00273061,0.005116332906055884,-0.5629751098982212
8640395195.0,0.0043232521,-0.0027591552,0.005128688539757649,-0.5680443458931017
8640404805.0,0.0043232909,-0.0027938496,0.005147469261048867,-0.5737219107715937
8640414414.0,0.0043410412,-0.0028348486,0.005184689507098704,-0.5785053070178467
8640424024.0,0.0043217758,-0.0028391059,0.005170905953203989,-0.5812317876836992
8640433634.0,0.0043242322,-0.0028462767,0.005176898219250571,-0.582128959250614
8640443243.0,0.0043217224,-0.0028795264,0.005193164429416685,-0.5877427476021405
8640452853.0,0.0043261941,-0.0029004641,0.005208516812516171,-0.5906120426367367
8640462462.0,0.0043384441,-0.0029098734,0.005223931509203808,-0.5908022659194058
8640472072.0,0.004299214,-0.0029411535,0.0052089946178085315,-0.5999846238757782
8640481682.0,0.004303154,-0.0029755516,0.005231734097981142,-0.6049859757994129
8640491291.0,0.0043141588,-0.002990828,0.005249477905201758,-0.6061872397285466
8640500901.0,0.0043233838,-0.0030186944,0.005272965329176155,-0.6095336561043097
8640510511.0,0.0043193561,-0.0030404484,0.005282155203292476,-0.6133469253497678
8640520120.0,0.0042896372,-0.0030581298,0.005268125395363314,-0.6193386494732759
8640529730.0,0.0042893041,-0.0030736976,0.005276906915847822,-0.6217775124116082
8640539339.0,0.0043110665,-0.003101194,0.005310621300098346,-0.623599166802377
8640548949.0,0.0043008619,-0.00311149,0.005308369156621609,-0.626296268109807
8640558559.0,0.0043134699,-0.0031525623,0.005342721369638071,-0.6311415308498564
8640568168.0,0.0042721305,-0.0031578034,0.005312515536173217,-0.636529669417025
8640577778.0,0.0042906883,-0.0031705852,0.005335036700737487,-0.6363886666399454
8640587387.0,0.0043041859,-0.0032076249,0.005367948747972434,-0.640443768580471
8640596997.0,0.0043015559,-0.0032176356,0.005371830415716059,-0.6422305806291322
8640606607.0,0.0042724871,-0.0032185463,0.005349129490385338,-0.6456219750997253
8640616216.0,0.0042865115,-0.0032811677,0.005398170274746393,-0.6533244582153677
8640625826.0,0.0042739373,-0.0032987492,0.005398915291874094,-0.6573259890785802
8640635435.0,0.0042837875,-0.0033204387,0.005419976799361224,-0.6593834791742994
8640645045.0,0.004277847,-0.0033468673,0.005431527932287405,-0.6638992959112567
8640654655.0,0.0042719266,-0.0033570332,0.0054331417045471765,-0.6660444144069029
8640664264.0,0.0042712442,-0.0033775797,0.005445325669405433,-0.6690886405515284
8640673874.0,0.0042498229,-0.0033873664,0.0054346339167614015,-0.6729460548245041
8640683483.0,0.0042228386,-0.0034438015,0.005449048964090175,-0.6841318597371331
8640693093.0,0.004252321,-0.0034488075,0.005475080552749635,-0.6814372110454796
8640702703.0,0.004246708,-0.0034525758,0.005473098618882144,-0.6826179689826969
8640712312.0,0.0042446084,-0.0034952384,0.005498489969272029,-0.688879258772622
8640721922.0,0.0042301797,-0.0035230897,0.005505141354092389,-0.6944508041470244
8640731532.0,0.0042344219,-0.0035471949,0.005523850150554921,-0.6973125275611118
8640741141.0,0.0042347581,-0.0035292067,0.005512574362023654,-0.6947719474095855
8640750751.0,0.0042018185,-0.0035586927,0.005506321134839081,-0.7027155209965833
8640760360.0,0.00424323,-0.0036110228,0.005571757935788294,-0.7050789861407011
8640769970.0,0.0042111274,-0.0036191426,0.005552637854044285,-0.7099396175673669
8640779580.0,0.0041909969,-0.0036123009,0.005532917205954777,-0.7113732314446081
8640789189.0,0.0041698291,-0.0036301094,0.005528577482424857,-0.7163129041414907
8640798799.0,0.0041768412,-0.0036664863,0.005557798502834115,-0.7204210914961453
8640808408.0,0.0041718774,-0.0037153104,0.005586420357346815,-0.7275755198185756
8640818018.0,0.0041581008,-0.0037046171,0.005569020571031593,-0.7277868030292997
8640827628.0,0.0041482596,-0.0037546389,0.0055951202827450785,-0.7356321576634458
8640837237.0,0.0041583524,-0.0037504626,0.005599809317877218,-0.7338697448646759
8640846847.0,0.0041443814,-0.0037829762,0.005611310552663468,-0.7398400913530632
8640856456.0,0.0041548477,-0.0038196033,0.0056437690225208705,-0.7433830940722882
8640866066.0,0.0041083986,-0.0038300643,0.005616790150843847,-0.7503510346626707
8640875676.0,0.0041324993,-0.0038413167,0.005642097522570784,-0.7488970363101608
8640885285.0,0.0041290885,-0.003856575,0.005650003767384342,-0.7512860586669672
8640894895.0,0.0041193021,-0.0039074748,0.0056777644459504875,-0.759014205249948
8640904505.0,0.0041121441,-0.0039210463,0.0056819304101606615,-0.7616141179965191
8640914114.0,0.0040772679,-0.0039408215,0.005670466261537287,-0.7683824849300779
8640923724.0,0.0040889544,-0.0039513322,0.005686173954429832,-0.7682832557891656
8640933333.0,0.0040735769,-0.0039659469,0.005685311211695734,-0.772011354270068
8640942943.0,0.0040692413,-0.0040023058,0.005707641936416415,-0.7771055814614504
8640952553.0,0.0040719434,-0.0040467732,0.0057408271516430276,-0.7822979049947884
8640962162.0,0.0040590627,-0.0040333316,0.005722215811911488,-0.7822185094742049
8640971772.0,0.0040690676,-0.0040649807,0.005751641437428298,-0.7848957199024805
8640981381.0,0.0040326718,-0.0040953902,0.005747578858682261,-0.7931142899812454
8640990991.0,0.004021848,-0.0041172597,0.005755613674696043,-0.7971202505583133
8641000601.0,0.004017912,-0.0041467949,0.005774038862218544,-0.8011822201012686
8641010210.0,0.0040139307,-0.0041356125,0.005763239576363171,-0.800328173057064
8641019820.0,0.0040055702,-0.0041647787,0.005778405856903938,-0.8048818299522644
8641029429.0,0.0039919613,-0.0041834573,0.0057824795720885155,-0.8088172687839811
8641039039.0,0.0039828115,-0.0042127807,0.0057974398376201145,-0.813450910040382
8641048649.0,0.0039572056,-0.0042535961,0.0058096949956608366,-0.8214801289895904
8641058258.0,0.0039632425,-0.0042575595,0.005816709036031156,-0.8211843737902986
8641067868.0,0.0039321096,-0.0042786899,0.00581108192738445,-0.8275834201006793
8641077477.0,0.003938009,-0.0042800217,0.005816055418971856,-0.8269915160639306
8641087087.0,0.0039073195,-0.0042834055,0.005797819275599274,-0.8312820179776246
8641096697.0,0.0039024102,-0.0043335215,0.005831656193571967,-0.8376956096265883
8641106306.0,0.0038814139,-0.0043691597,0.005844221962521384,-0.8444460339272174
8641115916.0,0.0039016565,-0.0043621438,0.005852454354872893,-0.8410640252887042
8641125526.0,0.0038881883,-0.0043896937,0.005864078703093656,-0.8459079862549626
8641135135.0,0.0038627392,-0.0044225792,0.005871963973619838,-0.8528657337344389
8641144745.0,0.0038424554,-0.0044395429,0.00587145677510527,-0.8573682618992193
8641154354.0,0.0038393159,-0.0044568424,0.00588249868324937,-0.859696382424884
8641163964.0,0.0038224206,-0.0044662328,0.005878616730753945,-0.8629164378943234
8641173574.0,0.0038292014,-0.0044980262,0.005907200949489394,-0.8655439438889247
8641183183.0,0.0038080652,-0.0045140947,0.005905794741439896,-0.8700327937024712
8641192793.0,0.0038016387,-0.0045352543,0.005917853358356067,-0.8731683677903628
8641202402.0,0.0038020446,-0.0045478563,0.005927776991911795,-0.8744815883922203
8641212012.0,0.0037648724,-0.0045632019,0.00591583263526322,-0.8809661835048684
8641221622.0,0.0037618033,-0.0046395215,0.005972966082010942,-0.8894943157849564
8641231231.0,0.0037689885,-0.0046080808,0.005953123799524153,-0.8852305522676482
8641240841.0,0.0037509863,-0.0046378882,0.005964889368503571,-0.8907304632177327
8641250450.0,0.0036953705,-0.0046596881,0.0059471384986018155,-0.900306940611475
8641260060.0,0.0037005948,-0.0046690705,0.0059577362485895,-0.9005984281537475
8641269670.0,0.0036626144,-0.0047110552,0.005967309723865052,-0.9099568212063552
8641279279.0,0.0036542839,-0.0047517543,0.005994410709099578,-0.9152212541026419
8641288889.0,0.0036706042,-0.0047575991,0.00600900028202516,-0.9136612632209775
8641298498.0,0.0036546872,-0.0047597841,0.006001023513406413,-0.9159836896592132
8641308108.0,0.0036378749,-0.0047848445,0.0060107296293570095,-0.9207413544208337
8641317718.0,0.0036171331,-0.0047988812,0.006009402019737825,-0.9249026715103247
8641327327.0,0.0036377194,-0.0048160017,0.0060354680686372,-0.9238862794379452
8641336937.0,0.003607222,-0.004847003,0.006041977212741951,-0.9310066274775325
8641346547.0,0.0035877217,-0.0048728651,0.006051161977624537,-0.936143501827643
8641356156.0,0.003572182,-0.0048818171,0.006049183617561663,-0.9390895887183703
8641365766.0,0.0035514632,-0.0049349486,0.006080017150107078,-0.9470001546902003
8641375375.0,0.0035404208,-0.0049304438,0.006069913961995761,-0.9480432345761842
8641384985.0,0.0035265049,-0.0049205752,0.006053783701833015,-0.9489595960895173
8641394595.0,0.0035118811,-0.0049345227,0.006056634637928269,-0.9522636140326457
8641404204.0,0.0034918732,-0.0049714701,0.006075252537966817,-0.9584732117635719
8641413814.0,0.0034605913,-0.0049928937,0.006074922192516985,-0.9647140055697514
8641423423.0,0.0034506586,-0.0050140414,0.006086678563442291,-0.9680344393598813
8641433033.0,0.0034554266,-0.0050395918,0.006110438486607552,-0.9697621849778912
8641442643.0,0.0034294107,-0.0050349574,0.006091933500054745,-0.9728541331973513
8641452252.0,0.0034033341,-0.0050739752,0.0061096568910568,-0.9799768509385118
8641461862.0,0.0033927015,-0.0050861302,0.006113848532590114,-0.9825286100835458
8641471471.0,0.0033816837,-0.0051041145,0.00612272565741402,-0.9856555892957016
8641481081.0,0.0033572151,-0.005125845,0.006127412193715469,-0.990943324806199
8641490691.0,0.0033729974,-0.0051651403,0.006168937167704892,-0.9922932104759478
8641500300.0,0.0033172412,-0.0051571735,0.006131926914769915,-0.9991960950942929
8641509910.0,0.0033328863,-0.0051890457,0.0061671976103750865,-0.9998583213630053
8641519520.0,0.0033097842,-0.0052058116,0.006168885301678432,-1.004478075388933
8641529129.0,0.0033003191,-0.0052125301,0.006169487515607015,-1.006357016402808
8641538739.0,0.003295843,-0.0052405419,0.00619078835741496,-1.0093883796453205
8641548348.0,0.0032459177,-0.0052729656,0.0061919421778595975,-1.019001629142265
8641557958.0,0.0032345857,-0.0052812301,0.006193055467197957,-1.0212594097559435
8641567568.0,0.0032300666,-0.0052726142,0.006183347858763666,-1.0211548900087448
8641577177.0,0.0031949718,-0.0052995664,0.00618815391137003,-1.0282661311812582
8641586787.0,0.0031708068,-0.0053277662,0.00619992809996928,-1.0339524717399193
8641596396.0,0.0031547675,-0.0053249395,0.00618930841513949,-1.0359458066092413
8641606006.0,0.0031587376,-0.0053637491,0.0062247431781082,-1.038575007416921
8641615616.0,0.0031289931,-0.0053868525,0.006229669146640442,-1.044571202783816
8641625225.0,0.0031144567,-0.0054058277,0.006238815084474149,-1.0481136273321028
8641634835.0,0.0030799535,-0.0053970152,0.0062140072924959855,-1.0522168175118267
8641644444.0,0.0030819434,-0.0054313971,0.006244873864113827,-1.0546689121351935
8641654054.0,0.0030613627,-0.0054337329,0.006236777598206762,-1.0577237873678111
8641663664.0,0.0030215807,-0.0054800005,0.006257823535911886,-1.066891710062197
8641673273.0,0.0030121453,-0.0054934661,0.006265076942876384,-1.0692483411396054
8641682883.0,0.0030114895,-0.0054817083,0.006254454004539416,-1.068436451735279
8641692492.0,0.0029676082,-0.0055297872,0.006275766479561766,-1.0782536523359711
8641702102.0,0.0029711673,-0.0055228744,0.006271361635463597,-1.0772323615708113
8641711712.0,0.002955832,-0.0055245548,0.006265592434114036,-1.0795148532689653
8641721321.0,0.0029408215,-0.0055832725,0.006310417015072657,-1.0860018919320598
8641730931.0,0.0028864922,-0.0055689111,0.006272528043808496,-1.0925983524563787
8641740541.0,0.0028992191,-0.0055955145,0.006302003959814295,-1.092748001008732
8641750150.0,0.0028910564,-0.0056206544,0.00632059830967135,-1.095724488833574
8641759760.0,0.0028511127,-0.0056368729,0.006316896367588731,-1.1025219787954723
8641769369.0,0.0028304345,-0.0056667774,0.0063343291325870495,-1.107565860135288
8641778979.0,0.0028168533,-0.0056414469,0.006305599546374675,-1.1076976850321234
8641788589.0,0.0027896258,-0.0056753459,0.006323888296663094,-1.1139443799191806
8641798198.0,0.0027796123,-0.0056845924,0.0063277828101515185,-1.1160091543621449
8641807808.0,0.0027640142,-0.0057149017,0.006348218327882598,-1.120313780845996
8641817417.0,0.0027622882,-0.005732758,0.006363548568717241,-1.1217796996392182
8641827027.0,0.0027404281,-0.0057267726,0.006348690462085892,-1.1244723940948262
8641836637.0,0.0027270364,-0.0057624488,0.006375150484462811,-1.1287828264196582
8641846246.0,0.0026896205,-0.0057668026,0.006363180860339191,-1.1343904793926325
8641855856.0,0.002672488,-0.0057684918,0.006357490838122477,-1.1369450725667631
8641865465.0,0.0026499487,-0.0058140955,0.00638951755579026,-1.1431461229219553
8641875075.0,0.0026256862,-0.0058106837,0.006376384013084229,-1.146386601325999
8641884685.0,0.0025966202,-0.005833021,0.0063848704332577525,-1.1519756930293057
8641894294.0,0.0025837489,-0.0058335205,0.006380103431933644,-1.153850579344639
8641903904.0,0.0025521399,-0.0058571233,0.006388999250318856,-1.159870256355683
8641913514.0,0.0025537374,-0.0058900731,0.0064198548138959,-1.1616923494560094
8641923123.0,0.0025122409,-0.0058867559,0.006400410093565695,-1.1674346020636164
8641932733.0,0.0024981909,-0.0059201906,0.006425699534927786,-1.1714880205740015
8641942342.0,0.0024634907,-0.0059313168,0.006422562215420629,-1.1771393772659224
8641951952.0,0.0024579956,-0.0059360115,0.00642479376305198,-1.1782095334534284
8641961562.0,0.002445565,-0.0059328883,0.006417160723365271,-1.1798130529797373
8641971171.0,0.0024157535,-0.00597515,0.006445019976327634,-1.1865885072636662
8641980781.0,0.0023679497,-0.0060057961,0.006455754996629388,-1.195232935274127
8641990390.0,0.002365597,-0.0060010724,0.006450497586733194,-1.1953036401792876
8642000000.0,0.0023404494,-0.0059836133,0.006425054981702277,-1.1979483989213482
8642009610.0,0.0023395009,-0.0060092332,0.0064485772161836635,-1.1995326051025639
8642019219.0,0.0023226106,-0.0060470443,0.006477751520812979,-1.204080058694843
8642028829.0,0.0022843585,-0.0060758924,0.006491129502089757,-1.2111747620792486
8642038438.0,0.0022787154,-0.0060824253,0.006495262997314062,-1.2123419467468286
8642048048.0,0.0022454234,-0.0061016851,0.00650172956257253,-1.2181762473988147
8642057658.0,0.0022356713,-0.0060875109,0.006485060918700956,-1.218832662615256
8642067267.0,0.0021940488,-0.0060964778,0.006479266293545457,-1.2253399583428948
8642076877.0,0.0021687563,-0.0061203547,0.006493246148314554,-1.230250247293078
8642086486.0,0.0021470714,-0.0061468992,0.006511089415117765,-1.2347511223444507
8642096096.0,0.0021389419,-0.0061429378,0.006504671956851048,-1.2357301864921448
8642105706.0,0.0021459186,-0.006167435,0.006530101156724217,-1.2359547984185826
8642115315.0,0.0020941432,-0.0061740282,0.006519513782215778,-1.2437877590473507
8642124925.0,0.0021011594,-0.0061662927,0.006514448287175335,-1.2423863926734968
8642134535.0,0.0020692264,-0.0061861649,0.006523061709385323,-1.2480027928032438
8642144144.0,0.0020317285,-0.0062141203,0.006537829288118828,-1.254798552395846
8642153754.0,0.0020066019,-0.0062157579,0.0065316228807621775,-1.2585329178041038
8642163363.0,0.0019762532,-0.0062308616,0.006536758599555654,-1.2636610347288146
8642172973.0,0.0019640322,-0.006242286,0.006543971041228165,-1.2659689673502912
8642182583.0,0.0019280121,-0.0062416456,0.006532638858359289,-1.2711992400955456
8642192192.0,0.0019268153,-0.0062855839,0.0065742818744143686,-1.2733456709961748
8642201802.0,0.0018922345,-0.006299125,0.006577197516314624,-1.2789758983709647
8642211411.0,0.0018824463,-0.0062707609,0.006547216686299034,-1.279161340390252
8642221021.0,0.0018618322,-0.0063071701,0.006576230973079554,-1.2837554761629066
8642230631.0,0.0017916738,-0.0063113439,0.006560728376458947,-1.2941919452627877
8642240240.0,0.001790327,-0.0063240924,0.006572626221737149,-1.2949187632316457
8642249850.0,0.0017666321,-0.0063412438,0.006582732100563478,-1.2990919373927103
8642259459.0,0.0017678812,-0.0063418824,0.006583682579889709,-1.2989352024387688
8642269069.0,0.001713974,-0.0063894689,0.0066153624010135085,-1.3087164535605469
8642278679.0,0.0016882765,-0.0063852127,0.006604636156874468,-1.3123074651083797
8642288288.0,0.0016633673,-0.0064156113,0.006627734086955887,-1.3171133701400677
8642297898.0,0.0016855688,-0.0063940783,0.006612516879832091,-1.3130460594229947
8642307508.0,0.0016270394,-0.0064160065,0.006619093338002918,-1.3224410732552707
8642317117.0,0.0016254712,-0.0064317633,0.006633983401340127,-1.323254048501886
8642326727.0,0.0015950538,-0.0064222691,0.006617381432085448,-1.327358994338618
8642336336.0,0.0015547493,-0.0064554222,0.006640009123947295,-1.3344535249780898
8642345946.0,0.0015360417,-0.0064593273,0.006639452784127934,-1.3373305608841148
8642355556.0,0.0015197679,-0.0064520526,0.006628625590802151,-1.3394651365720744
8642365165.0,0.0015062514,-0.0064694262,0.006642459532225123,-1.3420454718258052
8642374775.0,0.0014872397,-0.0064750605,0.006643665434375541,-1.3450248696557567
8642384384.0,0.001455767,-0.0064936977,0.006654875459185866,-1.3502610649647544
8642393994.0,0.0014183355,-0.0064702614,0.006623892977312527,-1.3550012244261342
8642403604.0,0.0013601371,-0.0065242975,0.006664565312104208,-1.3652674917159546
8642413213.0,0.001395146,-0.0065362994,0.006683535157965158,-1.3605061210509304
8642422823.0,0.0013690262,-0.0065244118,0.00666649698659391,-1.3639656553236468
8642432432.0,0.0013376657,-0.0065250048,0.006660708458188178,-1.3685918886591586
8642442042.0,0.0013055815,-0.006546037,0.006674963929379039,-1.3739334271477879
8642451652.0,0.0012868814,-0.0065788945,0.006703574910433701,-1.3776278271092304
8642461261.0,0.0012530577,-0.006564295,0.006682822939937456,-1.382175614374252
8642470871.0,0.0012449141,-0.0065742034,0.00669103590342709,-1.3836487844823342
8642480480.0,0.0011983312,-0.006609041,0.006716801367062633,-1.3914280558044219
8642490090.0,0.001209236,-0.0066122913,0.006721952688003069,-1.389918081749302
8642499700.0,0.0011433343,-0.00660069,0.006698979160861489,-1.399283762936655
8642509309.0,0.0011258581,-0.0066286258,0.006723558318164664,-1.4025540116983757
8642518919.0,0.0010996846,-0.0066203037,0.006711015370248443,-1.4061913847676315
8642528529.0,0.0010863491,-0.0066604786,0.006748490908946146,-1.409116251866616
8642538138.0,0.0010361943,-0.006629569,0.006710058401617194,-1.4157518568324472
8642547748.0,0.0010220676,-0.0066219498,0.006700361283743571,-1.4176593160108926
8642557357.0,0.0010185138,-0.0066536793,0.006731182554948196,-1.4189001388973115
8642566967.0,0.0009901884,-0.0066559895,0.006729239874726179,-1.4231129336107964
8642576577.0,0.000936512,-0.0066849667,0.00675024699594414,-1.4316099136421756
8642586186.0,0.0009429738,-0.0066887822,0.006754924641069157,-1.4307409243404556
8642595796.0,0.0008917483,-0.0066763454,0.006735636787316701,-1.438013910510164
8642605405.0,0.0009003521,-0.006670559,0.006731046818768639,-1.4366331233243297
8642615015.0,0.0008552311,-0.0067308135,0.0067849296684777405,-1.4444115037759369
8642624625.0,0.0008390475,-0.0067380694,0.00679010897898352,-1.4469105998309626
8642634234.0,0.0007932198,-0.0067244193,0.006771042207321155,-1.4533778538993785
8642643844.0,0.0007781389,-0.0067086514,0.006753628932241922,-1.4553219754281328
8642653453.0,0.0007595697,-0.0067256751,0.006768430518216029,-1.4583370022273854
8642663063.0,0.0007064032,-0.0067428427,0.006779744328358817,-1.466413684117963
8642672673.0,0.0006923875,-0.0067425793,0.006778036298733191,-1.4684661928812905
8642682282.0,0.0006848421,-0.0067276554,0.0067624223384140664,-1.4693507026724968
8642691892.0,0.0006567602,-0.0067721606,0.006803932183120023,-1.4741192343707532
8642701502.0,0.0006303497,-0.0067843777,0.006813598279950718,-1.4781503676589507
8642711111.0,0.0006109908,-0.0067687098,0.006796229992746029,-1.4807733522429751
8642720721.0,0.0005752536,-0.0067590936,0.006783528801285797,-1.4858928307303205
8642730330.0,0.000554353,-0.0067973077,0.006819875308030806,-1.4894216309003823
8642739940.0,0.0005425703,-0.0067782328,0.006799913412789749,-1.4909206517657516
8642749550.0,0.0004990049,-0.0067906565,0.006808966264508604,-1.497444124994079
8642759159.0,0.0004708913,-0.006779793,0.006796126230380414,-1.5014525741367557
8642768769.0,0.0004693576,-0.0068143489,0.006830493941700628,-1.5020271050746408
8642778378.0,0.0004116572,-0.0068001731,0.006812621803701967,-1.51033383002323
8642787988.0,0.0003703325,-0.0068090475,0.006819110940424162,-1.5164615629141152
8642797598.0,0.0003687725,-0.0068400804,0.006850014090147583,-1.5169349975122466
8642807207.0,0.0003553894,-0.0068200884,0.006829341652710525,-1.5187342080865283
8642816817.0,0.0002983623,-0.0068319595,0.006838471369516841,-1.5271525028781547
8642826426.0,0.0002860054,-0.006837911,0.006843889678592881,-1.5289942631552829
8642836036.0,0.0002703589,-0.0068625468,0.006867870304322836,-1.5314203973914808
8642845646.0,0.0002522173,-0.0068564876,0.00686112496427321,-1.5340277006031944
8642855255.0,0.0002215838,-0.0068727297,0.006876300815822744,-1.5385664734511355
8642864865.0,0.0001810231,-0.0068774514,0.006879833364413383,-1.5444811553617142
8642874474.0,0.0001413424,-0.0068975795,0.006899027513560009,-1.5503076000607878
8642884084.0,0.0001376308,-0.0068538402,0.006855221931071574,-1.5507181952574658
8642893694.0,0.0001227036,-0.0068795463,0.006880640483799212,-1.5529622160088072
8642903303.0,9.14161e-05,-0.0068565739,0.006857183281020016,-1.5574644958776758
8642912913.0,4.50766e-05,-0.0068991379,0.006899285155947968,-1.5642627628555013
8642922523.0,4.93288e-05,-0.0068659454,0.006866122600586928,-1.5636118899252933
8642932132.0,1.61086e-05,-0.0068891216,0.0068891404330714955,-1.5684580648832136
8642941742.0,-2.47219e-05,-0.0069035371,0.006903581365017437,-1.5743773598168957
8642951351.0,-4.10866e-05,-0.0068856043,0.006885726881374112,-1.5767632848983426
8642960961.0,-5.5834e-05,-0.0068986454,0.006898871341784623,-1.5788896230419347
8642970571.0,-8.75341e-05,-0.0069219498,0.0069225032504422026,-1.5834415260351011
8642980180.0,-0.000146417,-0.0068992425,0.006900795969429559,-1.5920153265309736
8642989790.0,-0.0001658209,-0.0068947655,0.006896759229585086,-1.5948419509706744
8642999399.0,-0.0001721289,-0.0069610925,0.00696322031475175,-1.5955185712969215
8643009009.0,-0.0002257411,-0.006917695,0.006921377258700338,-1.603417166902102
8643018619.0,-0.0002288475,-0.0069218325,0.006925614509652735,-1.6038459812193584
8643028228.0,-0.000244414,-0.0069356867,0.0069399919455250736,-1.6060218076683372
8643037838.0,-0.0002781735,-0.0069355973,0.006941173560995974,-1.6108829220445484
8643047447.0,-0.0003065984,-0.00692111,0.0069278976761339775,-1.6150664047510175
8643057057.0,-0.0003308748,-0.0069245128,0.006932413407366794,-1.618543126215364
8643066667.0,-0.0003519709,-0.0069303779,0.0069393098613086315,-1.6215394119763038
8643076276.0,-0.0003748423,-0.0069152734,0.006925425109451177,-1.6249483184895583
8643085886.0,-0.0004216443,-0.0069432021,0.00695599305039668,-1.6314494833604989
8643095495.0,-0.0004433228,-0.0069309137,0.00694507738055146,-1.634672420644221
8643105105.0,-0.0004595211,-0.0069474221,0.006962602493099374,-1.6368428019278003
8643114715.0,-0.000488421,-0.0069336451,0.006950826529700983,-1.6411223277968248
8643124324.0,-0.0005014407,-0.0069532734,0.006971330845022639,-1.6427874733092667
8643133934.0,-0.0005557671,-0.0069428158,0.0069650246447641555,-1.6506752351405873
8643143544.0,-0.0005732768,-0.0069423707,0.006966000087972776,-1.653185915962875
8643153153.0,-0.000613452,-0.0069520198,0.006979033074566708,-1.6588091938171718
8643162763.0,-0.0006352408,-0.0069496441,0.006978616194536668,-1.6619492607417463
8643172372.0,-0.0006734876,-0.0069666915,0.006999169665290734,-1.667169367487192
8643181982.0,-0.0006592018,-0.0069437158,0.006974936281020271,-1.6654476738245374
8643191592.0,-0.0007110368,-0.0069651125,0.007001311696290238,-1.6725293742667928
8643201201.0,-0.0007173294,-0.0069331856,0.0069701954084625,-1.6738926773852516
8643210811.0,-0.0007800518,-0.0069443054,0.006987979557722847,-1.6826571226690592
8643220420.0,-0.0008234198,-0.0069617616,0.007010288492085515,-1.6885268662645565
8643230030.0,-0.0008368213,-0.0069288192,0.00697916939144067,-1.6909882082211412
8643239640.0,-0.0008065636,-0.0069467158,0.006993382961544049,-1.6863859470770048
8643249249.0,-0.0008610096,-0.0069499542,0.007003085099682125,-1.694055383149676
8643258859.0,-0.0008985818,-0.0069443295,0.007002225464512085,-1.6994792123648004
8643268468.0,-0.000904332,-0.0069501781,0.007008765368304436,-1.7001857729210266
8643278078.0,-0.0009504165,-0.0069439713,0.007008710932739054,-1.706820440855132
8643287688.0,-0.0009714717,-0.0069552363,0.007022753680198287,-1.7095733704286706
8643297297.0,-0.0009888189,-0.0069223911,0.006992657674901327,-1.712680057653809
8643306907.0,-0.0010190641,-0.0069180347,0.006992688735408784,-1.7170499654760545
8643316517.0,-0.0010634585,-0.0069591175,0.007039904854472714,-1.722438321957361
8643326126.0,-0.0010724332,-0.0069501771,0.007032430212225832,-1.7238919109819886
8643335736.0,-0.0011251347,-0.0069549926,0.007045413412937444,-1.7311805094075043
8643345345.0,-0.0011407853,-0.0069356804,0.007028872862105293,-1.7338173292190027
8643354955.0,-0.0011718562,-0.0069434001,0.0070415944147727266,-1.7379933897918685
8643364565.0,-0.0012056223,-0.0069662431,0.007069799718418825,-1.7421651922655559
8643374174.0,-0.0012032745,-0.0069526358,0.007055991361232799,-1.7421661929536836
8643383784.0,-0.0012326636,-0.0069205626,0.007029484067218854,-1.747063887454689
8643393393.0,-0.0012808297,-0.0069394384,0.007056651474162278,-1.7533147371435813
8643403003.0,-0.0012959749,-0.0069492176,0.007069029367146509,-1.75517052950447
8643412613.0,-0.0013409903,-0.0069362289,0.007064667461239014,-1.7617715502746976
8643422222.0,-0.0013480085,-0.006932983,0.00706281673232155,-1.7628344028506693
8643431832.0,-0.0013787481,-0.0069324664,0.007068241415683435,-1.7671173937331033
8643441441.0,-0.0014130905,-0.0069200718,0.0070628760769494954,-1.7722287093405376
8643451051.0,-0.0014478168,-0.0069353727,0.007084883060027705,-1.7765989961903141
8643460661.0,-0.0014529866,-0.0069132039,0.007064245056816387,-1.7779566735937693
8643470270.0,-0.0014924641,-0.0069207969,0.007079892571278071,-1.7831928909175925
8643479880.0,-0.001521594,-0.006923286,0.007088521519938554,-1.7871359797662092
8643489489.0,-0.0015493588,-0.0069122956,0.007083808520345309,-1.7912971361751169
8643499099.0,-0.0015720348,-0.0068948875,0.007071829116294262,-1.794964433254039
8643508709.0,-0.0015892051,-0.0069279032,0.007107841838310434,-1.7962871208320235
8643518318.0,-0.0016274873,-0.0069035823,0.007092824788794277,-1.802314494871758
8643527928.0,-0.0016606347,-0.0069296779,0.007125878430382636,-1.8060017990905333
8643537538.0,-0.0016711939,-0.0069069207,0.007106225623176181,-1.808193100500388
8643547147.0,-0.00170146,-0.0068741798,0.007081618039285092,-1.8134344441384143
8643556757.0,-0.0017316389,-0.0068878732,0.007102208846497789,-1.8170959680840777
8643566366.0,-0.0017495342,-0.0068981601,0.007116563966002248,-1.819182246352918
8643575976.0,-0.0017939431,-0.0068710679,0.0071013946470005465,-1.8261818232273026
8643585586.0,-0.0017976882,-0.0068518795,0.0070837797500303105,-1.8273776504533408
8643595195.0,-0.001842739,-0.0068914465,0.007133563056739825,-1.8320786642182347
8643604805.0,-0.001865933,-0.0068489852,0.007098612838457105,-1.8367803564122824
8643614414.0,-0.00188084,-0.0068617959,0.007114900004838916,-1.8383285698678196
8643624024.0,-0.0019355863,-0.0068541252,0.007122185520050901,-1.8460266386479351
8643633634.0,-0.0019620238,-0.0068537444,0.007129049704715054,-1.8496100063169159
8643643243.0,-0.0019869928,-0.0068471853,0.007129662468854184,-1.8532300912416455
8643652853.0,-0.001999399,-0.006836827,0.007123187473956445,-1.8553080193122922
8643662462.0,-0.0020290158,-0.0068276694,0.007122778569655664,-1.8596597906516856
8643672072.0,-0.0020640029,-0.0068162961,0.00712193797319828,-1.864823766916731
8643681682.0,-0.0020697946,-0.0068369619,0.007143395390725671,-1.8647613327090076
8643691291.0,-0.0021049427,-0.0068170986,0.007134677083961491,-1.8702830844446365
8643700901.0,-0.0021390176,-0.0068302496,0.007157353274179634,-1.8742899145399903
8643710511.0,-0.0021727236,-0.0068052683,0.0071436968354614445,-1.8798376849217178
8643720120.0,-0.0021871482,-0.0068223445,0.007164356337134795,-1.881030757160171
8643729730.0,-0.0022133133,-0.0067943817,0.007145794458928397,-1.8857122085867322
8643739339.0,-0.0022407444,-0.0068015324,0.007161129691213609,-1.8890451068634235
8643748949.0,-0.002276226,-0.0067959921,0.007167057515210717,-1.8939890619886552
8643758559.0,-0.0023133436,-0.0068026669,0.007185251252671445,-1.8985923961360849
8643768168.0,-0.0023472136,-0.0067787177,0.0071735922201027185,-1.904137370809924
8643777778.0,-0.0023404344,-0.006788514,0.007180637541952619,-1.9027988536340523
8643787387.0,-0.0023849552,-0.006752821,0.007161606158121797,-1.9103004886786363
8643796997.0,-0.0024069019,-0.0067500846,0.007166367201265979,-1.9133153059818744
8643806607.0,-0.002452448,-0.0067532608,0.007184777841069315,-1.919137876618215
8643816216.0,-0.0024671549,-0.0067572994,0.007193604693186467,-1.920867896316724
8643825826.0,-0.0024708461,-0.0067317234,0.00717085632152763,-1.922574666211904
8643835435.0,-0.0025020351,-0.0067075609,0.007159018987881009,-1.9278274561113797
8643845045.0,-0.0025372389,-0.0067290027,0.00719145733299451,-1.9313719487600296
8643854655.0,-0.0025583686,-0.0067111009,0.007182208934822683,-1.9350041146791594
8643864264.0,-0.0025843669,-0.0067076449,0.007188285774669203,-1.9385549037313066
8643873874.0,-0.0025928485,-0.0066954716,0.007179986301543952,-1.9402667581721194
8643883483.0,-0.0026337838,-0.006716094,0.007214065131531489,-1.9445259144977227
8643893093.0,-0.0027012157,-0.006706241,0.007229815669020026,-1.953706700254638
8643902703.0,-0.0027039187,-0.0066554912,0.007183783087586034,-1.9566951685783778
8643912312.0,-0.002730801,-0.0066381249,0.007177881044542395,-1.9610755736172427
8643921922.0,-0.0027709391,-0.0066555907,0.007209368284519476,-1.9653027282768805
8643931532.0,-0.0027723237,-0.0066565109,0.007210750034455535,-1.965430948317633
8643941141.0,-0.0028187286,-0.0066575334,0.007229659873920316,-1.971301930912846
8643950751.0,-0.0028378633,-0.0066656684,0.00724462582389494,-1.973296341639274
8643960360.0,-0.0028597883,-0.0066312995,0.007221670317836251,-1.9779539834980795
8643969970.0,-0.0028746334,-0.006619932,0.007217133563196649,-1.980466487151387
8643979580.0,-0.0029011755,-0.0066440195,0.007249814783715547,-1.982501242029527
8643989189.0,-0.0029671047,-0.0066087091,0.007244221577863623,-1.9927924390080698
8643998799.0,-0.0029633661,-0.00660912,0.007243066050853685,-1.992298322012871
8644008408.0,-0.0029857271,-0.0065830986,0.007228537438029658,-1.9965938150482176
8644018018.0,-0.003032059,-0.0065609221,0.007227660795980219,-2.003699195586015
8644027628.0,-0.0030518515,-0.006538079,0.0072152806312917065,-2.0075174254055885
8644037237.0,-0.0030627023,-0.0065481746,0.0072290204018601615,-2.008286857400428
8644046847.0,-0.0030868689,-0.0065634979,0.007253155471178845,-2.010409872492112
8644056456.0,-0.0030899175,-0.0065331958,0.007227049018648199,-2.0125760407377107
8644066066.0,-0.0031214808,-0.0065395362,0.0072463215562020905,-2.0161395314313078
8644075676.0,-0.0031848493,-0.0065283891,0.007263823325543464,-2.02467364334752
8644085285.0,-0.0031885808,-0.0064974948,0.0072377127736706764,-2.027008556612814
8644094895.0,-0.0032380158,-0.0065149404,0.007275245338584933,-2.0320521867721784
8644104505.0,-0.0032272536,-0.0065089628,0.007265105816882285,-2.031091840053012
8644114114.0,-0.0032738243,-0.0064881418,0.007267317907190914,-2.038105852035145
8644123724.0,-0.0032789724,-0.0064727988,0.007255948201664838,-2.0396918541282023
8644133333.0,-0.0033356723,-0.0064599683,0.007270343879761959,-2.0474464870357254
8644142943.0,-0.0033496728,-0.0064574494,0.007274541952633182,-2.049315422915484
8644152553.0,-0.0033826522,-0.0064386933,0.007273177250530179,-2.0545279705243202
8644162162.0,-0.0034055543,-0.0064417395,0.0072865497923303,-2.0571159877885297
8644171772.0,-0.0033922332,-0.0064290209,0.00726908218524313,-2.0563136475509327
8644181381.0,-0.0034541348,-0.0064037585,0.007275930878100291,-2.0654585787971564
8644190991.0,-0.003471163,-0.0063958846,0.007277108793269905,-2.068031722454726
8644200601.0,-0.0034885283,-0.0063917438,0.0072817730330421125,-2.0703989494999666
8644210210.0,-0.0035068993,-0.0063729114,0.007274087050110856,-2.073856123321987
8644219820.0,-0.0035436789,-0.0063696987,0.007289082361661645,-2.0784893569891
8644229429.0,-0.00357906,-0.006349423,0.007288679092711449,-2.08408377585859
8644239039.0,-0.0035868301,-0.0063465856,0.007290027362389895,-2.085203400557518
8644248649.0,-0.0036365291,-0.0063266639,0.007297329648488549,-2.0924758556178094
8644258258.0,-0.0036130733,-0.006311138,0.007272190971517242,-2.09074341123323
8644267868.0,-0.0036769439,-0.0063328211,0.0073228778173852135,-2.09684172160648
8644277477.0,-0.0036971048,-0.0063087855,0.007312274501630344,-2.1008765684645536
8644287087.0,-0.0037414704,-0.0062667172,0.007298653657959939,-2.1090352861795
8644296697.0,-0.0037592244,-0.0062647558,0.007306088784239417,-2.111259360792691
8644306306.0,-0.0037853543,-0.0062489906,0.007306079023348765,-2.11543635159101
8644315916.0,-0.0038023258,-0.0062540388,0.00731919960113475,-2.1170622725760744
8644325526.0,-0.0038081479,-0.0062521207,0.007320587659173469,-2.1178779537674313
8644335135.0,-0.0038516842,-0.0062221939,0.007317866362931674,-2.125086380618066
8644344745.0,-0.0038693385,-0.0062007856,0.007309002837921847,-2.1286818224664525
8644354354.0,-0.0038925086,-0.0061828479,0.00730610918037832,-2.1326720646722572
8644363964.0,-0.0039418708,-0.0061916105,0.007339917301141948,-2.1377272698786802
8644373574.0,-0.0039530677,-0.006142818,0.007304858466931943,-2.142607463378224
8644383183.0,-0.0039647314,-0.0061880888,0.007349254252700161,-2.1406085791764413
8644392793.0,-0.0039980539,-0.0061596662,0.007343427175558266,-2.146517417821889
8644402402.0,-0.0040234518,-0.0061331941,0.007335136962265808,-2.1513866332768457
8644412012.0,-0.0040508845,-0.0061286981,0.007346468922773978,-2.1548445851820164
8644421622.0,-0.0040616175,-0.0060980084,0.007326830362631362,-2.158376316519122
8644431231.0,-0.0040831462,-0.0060967493,0.0073377404504128465,-2.160913338197823
8644440841.0,-0.0041107054,-0.0060561875,0.007319515415705155,-2.1671254306846555
8644450450.0,-0.0041329884,-0.0060506981,0.00732751940371898,-2.1700622968171195
8644460060.0,-0.0041554825,-0.0060625132,0.007349972864438377,-2.1716827595912163
8644469670.0,-0.0042006558,-0.0060284039,0.007347595710952587,-2.1793785522695357
8644479279.0,-0.0042482367,-0.006037322,0.007382192898516734,-2.1839760743879637
8644488889.0,-0.0042200554,-0.0060228824,0.0073541811225519135,-2.181972080109144
8644498498.0,-0.0042638071,-0.0059911684,0.007353512751275337,-2.189319650904211
8644508108.0,-0.0043029758,-0.0059593753,0.00735049350055054,-2.1961691509498995
8644517718.0,-0.0043219769,-0.005984003,0.007381583585392948,-2.1963029975929307
8644527327.0,-0.0043470671,-0.0059345936,0.007356384544670254,-2.2030005482236366
8644536937.0,-0.0043377267,-0.0059097826,0.00733085283600453,-2.203972641672079
8644546547.0,-0.0043867563,-0.0059172875,0.007365997705215902,-2.208735708196085
8644556156.0,-0.0044065433,-0.0059179224,0.007378308030110742,-2.210838803775511
8644565766.0,-0.0044299988,-0.005896285,0.007375029909717414,-2.2151419122637317
8644575375.0,-0.0044548847,-0.0058776242,0.0073751246719441785,-2.219359505872061
8644584985.0,-0.0044620454,-0.0058525716,0.0073595138076361895,-2.2221911585746104
8644594595.0,-0.0044777662,-0.0058644328,0.007378479667762072,-2.2229108720572723
8644604204.0,-0.0045417617,-0.005812108,0.007376191343996635,-2.234111743069218
8644613814.0,-0.0045251212,-0.0058247315,0.00737592156423736,-2.2312802736240194
8644623423.0,-0.0045736088,-0.0058027331,0.00738847811699223,-2.238289411024483
8644633033.0,-0.0046006626,-0.0057874336,0.007393272890503077,-2.2424442927875528
8644642643.0,-0.0046135563,-0.0057789485,0.007394670208935753,-2.244523255706726
8644652252.0,-0.0046690137,-0.0057527684,0.007409050762062995,-2.2525775326851813
8644661862.0,-0.0046660375,-0.005737636,0.007395429184293651,-2.253554516869681
8644671471.0,-0.0046730139,-0.0057234799,0.0073888619607688725,-2.2554958348860854
8644681081.0,-0.0047032195,-0.0056960836,0.007386856032397628,-2.2610089060832785
8644690691.0,-0.0047283616,-0.0056857218,0.007394919594380307,-2.264522773231668
8644700300.0,-0.0047516961,-0.0056831214,0.007407866404970677,-2.2671691359664443
8644709910.0,-0.0048076351,-0.0056708736,0.007434525044811469,-2.2739982947584547
8644719520.0,-0.0047831655,-0.0056601726,0.00741054829700077,-2.2724134091170116
8644729129.0,-0.0048039189,-0.0055982504,0.007376858704006561,-2.2799802991123563
8644738739.0,-0.0048516642,-0.0055974332,0.007407422219505507,-2.284943688825998
8644748348.0,-0.0048504747,-0.0055940824,0.007404111203468642,-2.2851187046620858
8644757958.0,-0.0048896992,-0.0055644231,0.007407561184512366,-2.2917424644916013
8644767568.0,-0.0048836966,-0.0055487878,0.007391856230357866,-2.292528701712598
8644777177.0,-0.0049450188,-0.0055480575,0.0074319683096511985,-2.298787483302882
8644786787.0,-0.0049540779,-0.00552269,0.007419096486457661,-2.3019740680198284
8644796396.0,-0.0049577529,-0.0055209723,0.0074202728356055556,-2.302497312463577
8644806006.0,-0.0050018178,-0.0054766887,0.007417027734955865,-2.310906909586888
8644815616.0,-0.0050025721,-0.0054591456,0.0074045930541588685,-2.3125798589397157
8644825225.0,-0.0050582157,-0.0054731855,0.0074526039466173664,-2.3168117688692567
8644834835.0,-0.0050600766,-0.0054305725,0.007422633823355683,-2.320892386868738
8644844444.0,-0.0050994667,-0.0054159619,0.00743889803174237,-2.3261053998718526
8644854054.0,-0.0050957166,-0.0053888636,0.007416615034294319,-2.328241950287578
8644863664.0,-0.0051145321,-0.0053854176,0.007427056033740434,-2.3304014689389203
8644873273.0,-0.0051363815,-0.005360081,0.007423805172558293,-2.334885821547281
8644882883.0,-0.0051534528,-0.0053271876,0.007411950046203873,-2.339619273166306
8644892492.0,-0.0051785441,-0.0053114711,0.0074181563910300525,-2.3435234040885513
8644902102.0,-0.0051960746,-0.0053202783,0.0074367030623937146,-2.3443845094258613
8644911712.0,-0.0052186951,-0.0052921818,0.007432493979211504,-2.3492031132246747
8644921321.0,-0.0052509282,-0.0052637191,0.007434983908877009,-2.3549780068120096
8644930931.0,-0.0052751742,-0.0052508117,0.0074430159444409715,-2.3585089960950354
8644940541.0,-0.0052847154,-0.0052365111,0.007439708687806288,-2.360776081769557
8644950150.0,-0.0053086461,-0.005229502,0.007451806128922652,-2.363704596454809
8644959760.0,-0.0053451411,-0.0052126498,0.0074660733532660424,-2.3687429813445813
8644969369.0,-0.0053699157,-0.0051658275,0.007451293067975702,-2.3755630980576647
8644978979.0,-0.0053813575,-0.0051728216,0.007464388243401654,-2.375950528698451
8644988589.0,-0.0054090298,-0.005152495,0.0074703285136808436,-2.380479275991531
8644998198.0,-0.0054169686,-0.0051213077,0.007454618794510236,-2.384243039432691
8645007808.0,-0.0054433069,-0.0050780909,0.007444232478654224,-2.390892296453158
8645017417.0,-0.0054666998,-0.0051062651,0.007480558132572599,-2.390271513536223
8645027027.0,-0.0054960514,-0.0050596344,0.007470373568510836,-2.3975152153623234
8645036637.0,-0.005504581,-0.0050531816,0.007472285879711747,-2.398923680497571
8645046246.0,-0.0055119665,-0.0050026328,0.007443662380089393,-2.4045972740426538
8645055856.0,-0.0055260105,-0.0050193772,0.007465315768404582,-2.4042006953327
8645065465.0,-0.005539149,-0.0049907197,0.00745583360652376,-2.408230676056445
8645075075.0,-0.00557988,-0.0049746868,0.007475464505466816,-2.4134712370773097
8645084685.0,-0.0055924444,-0.0049611786,0.007475876367904256,-2.415938386221663
8645094294.0,-0.0055932159,-0.0049353573,0.0074593441925330205,-2.418596532902727
8645103904.0,-0.0056282508,-0.004897222,0.0074605623370483706,-2.4255364350365447
8645113514.0,-0.0056447851,-0.004861763,0.0074498549176041685,-2.4305840229091644
8645123123.0,-0.0056892275,-0.0048597891,0.007482303097525191,-2.4346601412904696
8645132733.0,-0.0056898355,-0.0048583572,0.007481835516760047,-2.4348584422337147
8645142342.0,-0.0057320237,-0.0048431377,0.0075041374240163656,-2.440051505752683
8645151952.0,-0.0057355377,-0.0047795468,0.007465953410081765,-2.4468613692175873
8645161562.0,-0.0057617631,-0.0048046187,0.007502151349640401,-2.446531873295504
8645171171.0,-0.0057548224,-0.0047809967,0.007481705039691999,-2.4483626064549293
8645180781.0,-0.0057968702,-0.0047477487,0.0074929848414366715,-2.455361675574084
8645190390.0,-0.0058023162,-0.0047597692,0.007504816861326536,-2.454582334796127
8645200000.0,-0.0058212106,-0.0046917293,0.00747655112160887,-2.463221200544401
